silver_domain,silver_table,bronze,erp_key,dimensional_role,reuse_action,snowflake_candidate,grain,row_count_afya,row_count_allos,status,wave,notes
acao,acao,dbo__ACAO,dbo.ACAO,FACT,REUSE_AS_FACT,FACT_ACAO,"tenant_slug, id",1770,24,implemented,6,
acao,reuniao,dbo__REUNIAO,dbo.REUNIAO,DEFER,REFINE,,,0,0,implemented,6,
acao,participante_reuniao,dbo__PARTICIPANTE_REUNIAO,dbo.PARTICIPANTE_REUNIAO,DEFER,REFINE,,,0,0,implemented,6,
acao,contramedida,dbo__CONTRAMEDIDA,dbo.CONTRAMEDIDA,FACT,REUSE_AS_FACT,FACT_CONTRAMEDIDA,,10748,23356,implemented,6,
acao,topico_reuniao,dbo__TOPICO_REUNIAO,dbo.TOPICO_REUNIAO,DEFER,REFINE,,,0,0,implemented,6,
acao,marcador_acao,dbo__MARCADOR_ACAO,dbo.MARCADOR_ACAO,DEFER,REFINE,,,0,0,implemented,6,
acao,anexo_acao,dbo__ANEXO_ACAO,dbo.ANEXO_ACAO,FACT,REUSE_AS_FACT,FACT_ANEXO_ACAO,,2037,0,implemented,6,
acao,anexo_reuniao,dbo__ANEXO_REUNIAO,dbo.ANEXO_REUNIAO,DEFER,REFINE,,,0,0,implemented,6,
acao,action_base,dbo__ActionBase,dbo.ActionBase,FACT,REUSE_AS_FACT,FACT_ACTION_BASE,,10762,10592,implemented,6,
acao,action_base_label,dbo__ActionBaseLabel,dbo.ActionBaseLabel,DIM,REUSE_AS_DIM,DIM_ACTION_BASE_LABEL,,28,0,implemented,6,
acao,catch_ball,dbo__CATCH_BALL,dbo.CATCH_BALL,DIM,REUSE_AS_DIM,DIM_CATCH_BALL,,0,1,implemented,6,
acao,causa,dbo__CAUSA,dbo.CAUSA,DIM,REUSE_AS_DIM,DIM_CAUSA,,23,2,implemented,6,
acao,diario_de_bordo,dbo__DIARIO_DE_BORDO,dbo.DIARIO_DE_BORDO,DEFER,REFINE,,,0,0,implemented,6,
acao,efetividade_acao,dbo__EFETIVIDADE_ACAO,dbo.EFETIVIDADE_ACAO,DIM,REUSE_AS_DIM,DIM_EFETIVIDADE_ACAO,,239,2,implemented,6,
acao,gestor_marcador_acao,dbo__GESTOR_MARCADOR_ACAO,dbo.GESTOR_MARCADOR_ACAO,DEFER,REFINE,,,0,0,implemented,6,
acao,historico_perc_realizado,dbo__HISTORICO_PERC_REALIZADO,dbo.HISTORICO_PERC_REALIZADO,FACT,REUSE_AS_FACT,FACT_HISTORICO_PERC_REALIZADO,,1,0,implemented,6,
acao,historico_workflow_acao,dbo__HISTORICO_WORKFLOW_ACAO,dbo.HISTORICO_WORKFLOW_ACAO,FACT,REUSE_AS_FACT,FACT_HISTORICO_WORKFLOW_ACAO,,814,29,implemented,6,
acao,knowledge_management,dbo__KnowledgeManagement,dbo.KnowledgeManagement,DEFER,REFINE,,,0,0,implemented,6,
acao,label_action,dbo__LabelAction,dbo.LabelAction,FACT,REUSE_AS_FACT,FACT_LABEL_ACTION,,1175,0,implemented,6,
acao,marcador_acao_item,dbo__MARCADOR_ACAO_ITEM,dbo.MARCADOR_ACAO_ITEM,DEFER,REFINE,,,0,0,implemented,6,
acao,notificacao,dbo__NOTIFICACAO,dbo.NOTIFICACAO,DIM,REUSE_AS_DIM,DIM_NOTIFICACAO,,72,77,implemented,6,
acao,quick_meeting,dbo__QUICK_MEETING,dbo.QUICK_MEETING,DEFER,REFINE,,,0,0,implemented,6,
acao,recurring_job,dbo__RECURRING_JOB,dbo.RECURRING_JOB,DIM,REUSE_AS_DIM,DIM_RECURRING_JOB,,17,17,implemented,6,
acao,referencia_contramedida,dbo__REFERENCIA_CONTRAMEDIDA,dbo.REFERENCIA_CONTRAMEDIDA,DEFER,REFINE,,,0,0,implemented,6,
acao,reuniao_pause,dbo__REUNIAO_PAUSE,dbo.REUNIAO_PAUSE,DEFER,REFINE,,,0,0,implemented,6,
acao,votacao_causa,dbo__VOTACAO_CAUSA,dbo.VOTACAO_CAUSA,DEFER,REFINE,,,0,0,implemented,6,
avaliacao,avaliado,competences__AVALIADO,competences.AVALIADO,DIM,REUSE_AS_DIM,DIM_AVALIADO,,15938,16133,implemented,3,
avaliacao,avaliador,competences__AVALIADOR,competences.AVALIADOR,FACT,REUSE_AS_FACT,FACT_AVALIADOR,,47412,33556,implemented,3,
avaliacao,avaliacao_ciclo,competences__AVALIACAO,competences.AVALIACAO,DIM,REUSE_AS_DIM,DIM_AVALIACAO_CICLO,,12,13,implemented,3,
avaliacao,competencia,competences__COMPETENCIA,competences.COMPETENCIA,DIM,REUSE_AS_DIM,DIM_COMPETENCIA,,64,98,implemented,3,
avaliacao,formulario_avaliacao,competences__FORMULARIO_AVALIACAO,competences.FORMULARIO_AVALIACAO,FACT,REUSE_AS_FACT,FACT_FORMULARIO_AVALIACAO,,47371,33351,implemented,3,
avaliacao,funcao,competences__FUNCAO,competences.FUNCAO,DIM,REUSE_AS_DIM,DIM_FUNCAO,,75,128,implemented,3,
avaliacao,resposta,competences__RESPOSTA_AVALIACAO,competences.RESPOSTA_AVALIACAO,FACT,REUSE_AS_FACT,FACT_RESPOSTA,,50000,50000,implemented,3,
avaliacao,feedback_continuo,dbo__FEEDBACK_CONTINUO,dbo.FEEDBACK_CONTINUO,DIM,REUSE_AS_DIM,DIM_FEEDBACK_CONTINUO,,321,14,implemented,3,
avaliacao,pulse_feedback,dbo__PULSE_FEEDBACK_CONTINUO,dbo.PULSE_FEEDBACK_CONTINUO,DEFER,REFINE,,,0,0,implemented,3,
avaliacao,participante_pulse,dbo__PARTICIPANTE_PULSE_FEEDBACK_CONTINUO,dbo.PARTICIPANTE_PULSE_FEEDBACK_CONTINUO,DEFER,REFINE,,,0,0,implemented,3,
avaliacao,timeline_feedback,dbo__TIMELINE_FEEDBACK_CONTINUO,dbo.TIMELINE_FEEDBACK_CONTINUO,DIM,REUSE_AS_DIM,DIM_TIMELINE_FEEDBACK,,609,27,implemented,3,
avaliacao,notificacao_feedback,dbo__NOTIFICACAO_FEEDBACK_CONTINUO,dbo.NOTIFICACAO_FEEDBACK_CONTINUO,FACT,REUSE_AS_FACT,FACT_NOTIFICACAO_FEEDBACK,,10086,1609,implemented,3,
avaliacao,calc_resposta,competences__CALC_RESPOSTA,competences.CALC_RESPOSTA,FACT,REUSE_AS_FACT,FACT_CALC_RESPOSTA,,50000,50000,implemented,3,
avaliacao,calc_resultado_avaliador,competences__CALC_RESULTADO_AVALIADOR,competences.CALC_RESULTADO_AVALIADOR,FACT,REUSE_AS_FACT,FACT_CALC_RESULTADO_AVALIADOR,"tenant_slug, id_avaliador, id_competencia",42239,25188,implemented,3,
avaliacao,calc_resultado_avaliador_competencia,competences__CALC_RESULTADO_AVALIADOR_COMPETENCIA,competences.CALC_RESULTADO_AVALIADOR_COMPETENCIA,FACT,REUSE_AS_FACT,FACT_CALC_RESULTADO_AVALIADOR_COMPETENCIA,,50000,50000,implemented,3,
avaliacao,calc_resultado_colaborador_performance,competences__CALC_RESULTADO_COLABORADOR_PERFORMANCE,competences.CALC_RESULTADO_COLABORADOR_PERFORMANCE,FACT,REUSE_AS_FACT,FACT_CALC_RESULTADO_COLABORADOR_PERFORMANCE,,17221,0,implemented,3,
avaliacao,calc_resultado_competencia,competences__CALC_RESULTADO_COMPETENCIA,competences.CALC_RESULTADO_COMPETENCIA,FACT,REUSE_AS_FACT,FACT_CALC_RESULTADO_COMPETENCIA,,50000,50000,implemented,3,
avaliacao,calc_resultado_fator_avaliacao,competences__CALC_RESULTADO_FATOR_AVALIACAO,competences.CALC_RESULTADO_FATOR_AVALIACAO,FACT,REUSE_AS_FACT,FACT_CALC_RESULTADO_FATOR_AVALIACAO,,50000,50000,implemented,3,
avaliacao,calc_resultado_tipo_avaliador,competences__CALC_RESULTADO_TIPO_AVALIADOR,competences.CALC_RESULTADO_TIPO_AVALIADOR,FACT,REUSE_AS_FACT,FACT_CALC_RESULTADO_TIPO_AVALIADOR,,31056,21729,implemented,3,
avaliacao,comentario_avaliado_nine_box,competences__COMENTARIO_AVALIADO_NINE_BOX,competences.COMENTARIO_AVALIADO_NINE_BOX,FACT,REUSE_AS_FACT,FACT_COMENTARIO_AVALIADO_NINE_BOX,,1743,0,implemented,3,
avaliacao,comentario_competencia,competences__COMENTARIO_COMPETENCIA,competences.COMENTARIO_COMPETENCIA,FACT,REUSE_AS_FACT,FACT_COMENTARIO_COMPETENCIA,,41080,50000,implemented,3,
avaliacao,consideracao_final,competences__CONSIDERACAO_FINAL,competences.CONSIDERACAO_FINAL,FACT,REUSE_AS_FACT,FACT_CONSIDERACAO_FINAL,,10078,9370,implemented,3,
avaliacao,curva_pontuacao_avaliacao,competences__CURVA_PONTUACAO_AVALIACAO,competences.CURVA_PONTUACAO_AVALIACAO,DIM,REUSE_AS_DIM,DIM_CURVA_PONTUACAO_AVALIACAO,,416,325,implemented,3,
avaliacao,competence_type_comment,competences__CompetenceTypeComment,competences.CompetenceTypeComment,DIM,REUSE_AS_DIM,DIM_COMPETENCE_TYPE_COMMENT,,0,226,implemented,3,
avaliacao,evaluation_cycle_calc_result_evaluated,competences__EvaluationCycleCalcResultEvaluated,competences.EvaluationCycleCalcResultEvaluated,FACT,REUSE_AS_FACT,FACT_EVALUATION_CYCLE_CALC_RESULT_EVALUATED,,14466,12585,implemented,3,
avaliacao,faixa_classificacao_avaliacao,competences__FAIXA_CLASSIFICACAO_AVALIACAO,competences.FAIXA_CLASSIFICACAO_AVALIACAO,DIM,REUSE_AS_DIM,DIM_FAIXA_CLASSIFICACAO_AVALIACAO,,37,65,implemented,3,
avaliacao,faixa_classificacao_performance_avaliacao,competences__FAIXA_CLASSIFICACAO_PERFORMANCE_AVALIACAO,competences.FAIXA_CLASSIFICACAO_PERFORMANCE_AVALIACAO,DIM,REUSE_AS_DIM,DIM_FAIXA_CLASSIFICACAO_PERFORMANCE_AVALIACAO,,36,0,implemented,3,
avaliacao,fator_avaliacao,competences__FATOR_AVALIACAO,competences.FATOR_AVALIACAO,DIM,REUSE_AS_DIM,DIM_FATOR_AVALIACAO,,400,112,implemented,3,
avaliacao,funcao_competencia,competences__FUNCAO_COMPETENCIA,competences.FUNCAO_COMPETENCIA,FACT,REUSE_AS_FACT,FACT_FUNCAO_COMPETENCIA,,2150,896,implemented,3,
avaliacao,funcao_pergunta_livre,competences__FUNCAO_PERGUNTA_LIVRE,competences.FUNCAO_PERGUNTA_LIVRE,FACT,REUSE_AS_FACT,FACT_FUNCAO_PERGUNTA_LIVRE,,1419,284,implemented,3,
avaliacao,itens_sender_to_release_appraisees_queue,competences__ItensSenderToReleaseAppraiseesQueue,competences.ItensSenderToReleaseAppraiseesQueue,DEFER,REFINE,,,0,0,implemented,3,
avaliacao,localidade_interesse_mudanca_avaliado,competences__LOCALIDADE_INTERESSE_MUDANCA_AVALIADO,competences.LOCALIDADE_INTERESSE_MUDANCA_AVALIADO,DEFER,REFINE,,,0,0,implemented,3,
avaliacao,metodo_calculo,competences__METODO_CALCULO,competences.METODO_CALCULO,DIM,REUSE_AS_DIM,DIM_METODO_CALCULO,,73,131,implemented,3,
avaliacao,opcao_funcao_pergunta_livre,competences__OPCAO_FUNCAO_PERGUNTA_LIVRE,competences.OPCAO_FUNCAO_PERGUNTA_LIVRE,FACT,REUSE_AS_FACT,FACT_OPCAO_FUNCAO_PERGUNTA_LIVRE,,3898,0,implemented,3,
avaliacao,peso_tipo_avaliador,competences__PESO_TIPO_AVALIADOR,competences.PESO_TIPO_AVALIADOR,DIM,REUSE_AS_DIM,DIM_PESO_TIPO_AVALIADOR,,61,124,implemented,3,
avaliacao,resposta_livre_avaliacao,competences__RESPOSTA_LIVRE_AVALIACAO,competences.RESPOSTA_LIVRE_AVALIACAO,FACT,REUSE_AS_FACT,FACT_RESPOSTA_LIVRE_AVALIACAO,,50000,29878,implemented,3,
avaliacao,tipo_avaliacao,competences__TIPO_AVALIACAO,competences.TIPO_AVALIACAO,DIM,REUSE_AS_DIM,DIM_TIPO_AVALIACAO,,1,1,implemented,3,
avaliacao,tipo_avaliador,competences__TIPO_AVALIADOR,competences.TIPO_AVALIADOR,DIM,REUSE_AS_DIM,DIM_TIPO_AVALIADOR,,7,7,implemented,3,
avaliacao,topico_pergunta_livre,competences__TOPICO_PERGUNTA_LIVRE,competences.TOPICO_PERGUNTA_LIVRE,DIM,REUSE_AS_DIM,DIM_TOPICO_PERGUNTA_LIVRE,,1,1,implemented,3,
avaliacao,settings,competences__settings,competences.settings,DIM,REUSE_AS_DIM,DIM_SETTINGS,,0,1,implemented,3,
avaliacao,avaliacao_continua,dbo__AVALIACAO_CONTINUA,dbo.AVALIACAO_CONTINUA,DEFER,REFINE,,,0,0,implemented,3,
avaliacao,calc_resultado_avaliador_tipo_competencia,dbo__CALC_RESULTADO_AVALIADOR_TIPO_COMPETENCIA,dbo.CALC_RESULTADO_AVALIADOR_TIPO_COMPETENCIA,DEFER,REFINE,,,0,0,implemented,3,
avaliacao,calc_resultado_impacto,dbo__CALC_RESULTADO_IMPACTO,dbo.CALC_RESULTADO_IMPACTO,DEFER,REFINE,,,0,0,implemented,3,
avaliacao,calc_resultado_risco,dbo__CALC_RESULTADO_RISCO,dbo.CALC_RESULTADO_RISCO,DEFER,REFINE,,,0,0,implemented,3,
avaliacao,calc_resultado_tipo_avaliador_tipo_competencia,dbo__CALC_RESULTADO_TIPO_AVALIADOR_TIPO_COMPETENCIA,dbo.CALC_RESULTADO_TIPO_AVALIADOR_TIPO_COMPETENCIA,DEFER,REFINE,,,0,0,implemented,3,
avaliacao,calibrados_performance,dbo__CALIBRADOS_PERFORMANCE,dbo.CALIBRADOS_PERFORMANCE,DEFER,REFINE,,,0,0,implemented,3,
avaliacao,comentario_avaliado_forum_sucessao,dbo__COMENTARIO_AVALIADO_FORUM_SUCESSAO,dbo.COMENTARIO_AVALIADO_FORUM_SUCESSAO,DEFER,REFINE,,,0,0,implemented,3,
avaliacao,configuracoes_gerais_feedback_continuo,dbo__CONFIGURACOES_GERAIS_FEEDBACK_CONTINUO,dbo.CONFIGURACOES_GERAIS_FEEDBACK_CONTINUO,DIM,REUSE_AS_DIM,DIM_CONFIGURACOES_GERAIS_FEEDBACK_CONTINUO,,1,1,implemented,3,
avaliacao,deliberation_option,dbo__DeliberationOption,dbo.DeliberationOption,DEFER,REFINE,,,0,0,implemented,3,
avaliacao,effectiveness_evaluation,dbo__EffectivenessEvaluation,dbo.EffectivenessEvaluation,DEFER,REFINE,,,0,0,implemented,3,
avaliacao,evaluation_cycle_instance,dbo__EvaluationCycleInstance,dbo.EvaluationCycleInstance,DIM,REUSE_AS_DIM,DIM_EVALUATION_CYCLE_INSTANCE,,453,0,implemented,3,
avaliacao,evaluation_cycle_instance_participant,dbo__EvaluationCycleInstanceParticipant,dbo.EvaluationCycleInstanceParticipant,FACT,REUSE_AS_FACT,FACT_EVALUATION_CYCLE_INSTANCE_PARTICIPANT,,14997,0,implemented,3,
avaliacao,evaluation_cycle_quadrant,dbo__EvaluationCycleQuadrant,dbo.EvaluationCycleQuadrant,DIM,REUSE_AS_DIM,DIM_EVALUATION_CYCLE_QUADRANT,,111,0,implemented,3,
avaliacao,evaluation_cycle_quadrant_personalization,dbo__EvaluationCycleQuadrantPersonalization,dbo.EvaluationCycleQuadrantPersonalization,DEFER,REFINE,,,0,0,implemented,3,
avaliacao,formulario_avaliacao_aba,dbo__FORMULARIO_AVALIACAO_ABA,dbo.FORMULARIO_AVALIACAO_ABA,DEFER,REFINE,,,0,0,implemented,3,
avaliacao,formulario_avaliacao_aba_item,dbo__FORMULARIO_AVALIACAO_ABA_ITEM,dbo.FORMULARIO_AVALIACAO_ABA_ITEM,DEFER,REFINE,,,0,0,implemented,3,
avaliacao,formulario_feedback_aba,dbo__FORMULARIO_FEEDBACK_ABA,dbo.FORMULARIO_FEEDBACK_ABA,DIM,REUSE_AS_DIM,DIM_FORMULARIO_FEEDBACK_ABA,,0,23,implemented,3,
avaliacao,formulario_feedback_aba_item,dbo__FORMULARIO_FEEDBACK_ABA_ITEM,dbo.FORMULARIO_FEEDBACK_ABA_ITEM,BRIDGE,REUSE_AS_BRIDGE,BRG_FORMULARIO_FEEDBACK_ABA_ITEM,,0,23,implemented,3,
avaliacao,feedback_history,dbo__FeedbackHistory,dbo.FeedbackHistory,DIM,REUSE_AS_DIM,DIM_FEEDBACK_HISTORY,,7,0,implemented,3,
avaliacao,feedback_participant,dbo__FeedbackParticipant,dbo.FeedbackParticipant,DIM,REUSE_AS_DIM,DIM_FEEDBACK_PARTICIPANT,,332,16,implemented,3,
avaliacao,grupo_cargo_avaliacao,dbo__GRUPO_CARGO_AVALIACAO,dbo.GRUPO_CARGO_AVALIACAO,DEFER,REFINE,,,0,0,implemented,3,
avaliacao,instancia_participante_competencia,dbo__INSTANCIA_PARTICIPANTE_COMPETENCIA,dbo.INSTANCIA_PARTICIPANTE_COMPETENCIA,DEFER,REFINE,,,0,0,implemented,3,
avaliacao,item_feedback,dbo__ITEM_FEEDBACK,dbo.ITEM_FEEDBACK,DEFER,REFINE,,,0,0,implemented,3,
avaliacao,item_lista_personalizada_feedback_continuo,dbo__ITEM_LISTA_PERSONALIZADA_FEEDBACK_CONTINUO,dbo.ITEM_LISTA_PERSONALIZADA_FEEDBACK_CONTINUO,DIM,REUSE_AS_DIM,DIM_ITEM_LISTA_PERSONALIZADA_FEEDBACK_CONTINUO,,0,1,implemented,3,
avaliacao,job_evaluation_succession,dbo__JobEvaluationSuccession,dbo.JobEvaluationSuccession,DEFER,REFINE,,,0,0,implemented,3,
avaliacao,nine_box,dbo__NINE_BOX,dbo.NINE_BOX,DIM,REUSE_AS_DIM,DIM_NINE_BOX,,453,0,implemented,3,
avaliacao,opcao_pulse_feedback_continuo,dbo__OPCAO_PULSE_FEEDBACK_CONTINUO,dbo.OPCAO_PULSE_FEEDBACK_CONTINUO,DEFER,REFINE,,,0,0,implemented,3,
avaliacao,periodo_avaliacao_projeto,dbo__PERIODO_AVALIACAO_PROJETO,dbo.PERIODO_AVALIACAO_PROJETO,DEFER,REFINE,,,0,0,implemented,3,
avaliacao,projeto_avaliacao,dbo__PROJETO_AVALIACAO,dbo.PROJETO_AVALIACAO,DEFER,REFINE,,,0,0,implemented,3,
avaliacao,question,dbo__Question,dbo.Question,DEFER,REFINE,,,0,0,implemented,3,
avaliacao,questions_effectiveness_evaluations,dbo__QuestionsEffectivenessEvaluations,dbo.QuestionsEffectivenessEvaluations,DEFER,REFINE,,,0,0,implemented,3,
avaliacao,questions_reaction_evaluations,dbo__QuestionsReactionEvaluations,dbo.QuestionsReactionEvaluations,DEFER,REFINE,,,0,0,implemented,3,
avaliacao,resposta_avaliacao_sucessao,dbo__RESPOSTA_AVALIACAO_SUCESSAO,dbo.RESPOSTA_AVALIACAO_SUCESSAO,DEFER,REFINE,,,0,0,implemented,3,
avaliacao,resposta_pulse_feedback_continuo,dbo__RESPOSTA_PULSE_FEEDBACK_CONTINUO,dbo.RESPOSTA_PULSE_FEEDBACK_CONTINUO,DEFER,REFINE,,,0,0,implemented,3,
avaliacao,reaction_evaluation,dbo__ReactionEvaluation,dbo.ReactionEvaluation,DEFER,REFINE,,,0,0,implemented,3,
avaliacao,tag_feedback,dbo__TAG_FEEDBACK,dbo.TAG_FEEDBACK,DIM,REUSE_AS_DIM,DIM_TAG_FEEDBACK,,466,2,implemented,3,
avaliacao,tag_feedback_continuo,dbo__TAG_FEEDBACK_CONTINUO,dbo.TAG_FEEDBACK_CONTINUO,DIM,REUSE_AS_DIM,DIM_TAG_FEEDBACK_CONTINUO,,20,20,implemented,3,
avaliacao,tipo_feedback_continuo,dbo__TIPO_FEEDBACK_CONTINUO,dbo.TIPO_FEEDBACK_CONTINUO,DIM,REUSE_AS_DIM,DIM_TIPO_FEEDBACK_CONTINUO,,7,8,implemented,3,
colaborador,pessoa,dbo__COLABORADOR,dbo.COLABORADOR,DIM,REUSE_AS_DIM,DIM_PESSOA,,12408,8765,implemented,1,
colaborador,vinculo_area,dbo__COLABORADOR_AREA,dbo.COLABORADOR_AREA,BRIDGE,REUSE_AS_BRIDGE,BRG_VINCULO_AREA,,34206,20593,implemented,1,
colaborador,historico_area,dbo__HISTORICO_COLABORADOR_AREA,dbo.HISTORICO_COLABORADOR_AREA,BRIDGE,REUSE_AS_BRIDGE,BRG_HISTORICO_AREA,,14821,5937,implemented,1,
colaborador,historico_cargo,dbo__HISTORICO_CARGO,dbo.HISTORICO_CARGO,FACT,REUSE_AS_FACT,FACT_HISTORICO_CARGO,,2149,9891,implemented,1,
colaborador,pessoa_cdc,colaborador,cdc.colaborador,UNKNOWN,REFINE,,,,,implemented,1,ReplacingMergeTree CDC; subset de colunas
colaborador,colaborador_funcao,competences__COLABORADOR_FUNCAO,competences.COLABORADOR_FUNCAO,BRIDGE,REUSE_AS_BRIDGE,BRG_COLABORADOR_FUNCAO,,15961,16576,implemented,9,
colaborador,administrador_local,dbo__ADMINISTRADOR_LOCAL,dbo.ADMINISTRADOR_LOCAL,DIM,REUSE_AS_DIM,DIM_ADMINISTRADOR_LOCAL,,0,13,implemented,9,
colaborador,avaliador_forum,dbo__AVALIADOR_FORUM,dbo.AVALIADOR_FORUM,FACT,REUSE_AS_FACT,FACT_AVALIADOR_FORUM,,5449,0,implemented,9,
colaborador,avaliador_forum_sucessao,dbo__AVALIADOR_FORUM_SUCESSAO,dbo.AVALIADOR_FORUM_SUCESSAO,DIM,REUSE_AS_DIM,DIM_AVALIADOR_FORUM_SUCESSAO,,1,0,implemented,9,
colaborador,avaliado_sucessao,dbo__AVALIADO_SUCESSAO,dbo.AVALIADO_SUCESSAO,DIM,REUSE_AS_DIM,DIM_AVALIADO_SUCESSAO,,1,0,implemented,9,
colaborador,absence,dbo__Absence,dbo.Absence,DEFER,REFINE,,,0,0,implemented,9,
colaborador,accept_agreement_history,dbo__AcceptAgreementHistory,dbo.AcceptAgreementHistory,FACT,REUSE_AS_FACT,FACT_ACCEPT_AGREEMENT_HISTORY,,31098,1913,implemented,9,
colaborador,accept_agreement_signature_attachment,dbo__AcceptAgreementSignatureAttachment,dbo.AcceptAgreementSignatureAttachment,DIM,REUSE_AS_DIM,DIM_ACCEPT_AGREEMENT_SIGNATURE_ATTACHMENT,,1,0,implemented,9,
colaborador,activity_history,dbo__ActivityHistory,dbo.ActivityHistory,FACT,REUSE_AS_FACT,FACT_ACTIVITY_HISTORY,,5667,21,implemented,9,
colaborador,colaborador_data_extract,dbo__COLABORADOR_DATA_EXTRACT,dbo.COLABORADOR_DATA_EXTRACT,DEFER,REFINE,,,0,0,implemented,9,
colaborador,cause_analysis_permission,dbo__CauseAnalysisPermission,dbo.CauseAnalysisPermission,DIM,REUSE_AS_DIM,DIM_CAUSE_ANALYSIS_PERMISSION,,2,0,implemented,9,
colaborador,certificate,dbo__Certificate,dbo.Certificate,DIM,REUSE_AS_DIM,DIM_CERTIFICATE,,264,57,implemented,9,
colaborador,certificate_attachment,dbo__CertificateAttachment,dbo.CertificateAttachment,DIM,REUSE_AS_DIM,DIM_CERTIFICATE_ATTACHMENT,,202,47,implemented,9,
colaborador,change_history,dbo__ChangeHistory,dbo.ChangeHistory,DEFER,REFINE,,,0,0,implemented,9,
colaborador,consent_agreement,dbo__ConsentAgreement,dbo.ConsentAgreement,DIM,REUSE_AS_DIM,DIM_CONSENT_AGREEMENT,,1,1,implemented,9,
colaborador,curriculum_attachment,dbo__CurriculumAttachment,dbo.CurriculumAttachment,DIM,REUSE_AS_DIM,DIM_CURRICULUM_ATTACHMENT,,77,16,implemented,9,
colaborador,demand,dbo__Demand,dbo.Demand,DEFER,REFINE,,,0,0,implemented,9,
colaborador,demands_participants,dbo__DemandsParticipants,dbo.DemandsParticipants,DEFER,REFINE,,,0,0,implemented,9,
colaborador,discretionary_score_import,dbo__DiscretionaryScoreImport,dbo.DiscretionaryScoreImport,FACT,REUSE_AS_FACT,FACT_DISCRETIONARY_SCORE_IMPORT,,4251,9064,implemented,9,
colaborador,dreams,dbo__Dreams,dbo.Dreams,DIM,REUSE_AS_DIM,DIM_DREAMS,,257,96,implemented,9,
colaborador,education,dbo__Education,dbo.Education,FACT,REUSE_AS_FACT,FACT_EDUCATION,,783,238,implemented,9,
colaborador,education_attachment,dbo__EducationAttachment,dbo.EducationAttachment,DIM,REUSE_AS_DIM,DIM_EDUCATION_ATTACHMENT,,287,52,implemented,9,
colaborador,employee_access_group,dbo__EmployeeAccessGroup,dbo.EmployeeAccessGroup,FACT,REUSE_AS_FACT,FACT_EMPLOYEE_ACCESS_GROUP,,144,5496,implemented,9,
colaborador,employee_branch,dbo__EmployeeBranch,dbo.EmployeeBranch,DIM,REUSE_AS_DIM,DIM_EMPLOYEE_BRANCH,,184,94,implemented,9,
colaborador,employee_modifier_value,dbo__EmployeeModifierValue,dbo.EmployeeModifierValue,FACT,REUSE_AS_FACT,FACT_EMPLOYEE_MODIFIER_VALUE,,2052,5019,implemented,9,
colaborador,evaluation_discretionary,dbo__EvaluationDiscretionary,dbo.EvaluationDiscretionary,FACT,REUSE_AS_FACT,FACT_EVALUATION_DISCRETIONARY,,4030,3,implemented,9,
colaborador,forum_participante_sucessao,dbo__FORUM_PARTICIPANTE_SUCESSAO,dbo.FORUM_PARTICIPANTE_SUCESSAO,BRIDGE,REUSE_AS_BRIDGE,BRG_FORUM_PARTICIPANTE_SUCESSAO,,1,0,implemented,9,
colaborador,forum_sync_log,dbo__ForumSyncLog,dbo.ForumSyncLog,DEFER,REFINE,,,0,0,implemented,9,
colaborador,goal_attachment,dbo__GoalAttachment,dbo.GoalAttachment,FACT,REUSE_AS_FACT,FACT_GOAL_ATTACHMENT,,170,1518,implemented,9,
colaborador,goal_audit_history,dbo__GoalAuditHistory,dbo.GoalAuditHistory,DEFER,REFINE,,,0,0,implemented,9,
colaborador,goal_book_attachment,dbo__GoalBookAttachment,dbo.GoalBookAttachment,DEFER,REFINE,,,0,0,implemented,9,
colaborador,goal_discussion,dbo__GoalDiscussion,dbo.GoalDiscussion,DIM,REUSE_AS_DIM,DIM_GOAL_DISCUSSION,,16,119,implemented,9,
colaborador,group_of_employees,dbo__GroupOfEmployees,dbo.GroupOfEmployees,DEFER,REFINE,,,0,0,implemented,9,
colaborador,group_of_employees_participants,dbo__GroupOfEmployeesParticipants,dbo.GroupOfEmployeesParticipants,DEFER,REFINE,,,0,0,implemented,9,
colaborador,hobbies,dbo__Hobbies,dbo.Hobbies,DIM,REUSE_AS_DIM,DIM_HOBBIES,,256,110,implemented,9,
colaborador,instancia_calibrados,dbo__INSTANCIA_CALIBRADOS,dbo.INSTANCIA_CALIBRADOS,DEFER,REFINE,,,0,0,implemented,9,
colaborador,instancia_calibrados_performance,dbo__INSTANCIA_CALIBRADOS_PERFORMANCE,dbo.INSTANCIA_CALIBRADOS_PERFORMANCE,DEFER,REFINE,,,0,0,implemented,9,
colaborador,instancia_comite,dbo__INSTANCIA_COMITE,dbo.INSTANCIA_COMITE,DIM,REUSE_AS_DIM,DIM_INSTANCIA_COMITE,,744,0,implemented,9,
colaborador,instancia_comite_sucessao,dbo__INSTANCIA_COMITE_SUCESSAO,dbo.INSTANCIA_COMITE_SUCESSAO,DIM,REUSE_AS_DIM,DIM_INSTANCIA_COMITE_SUCESSAO,,1,0,implemented,9,
colaborador,instancia_participante_sucessao,dbo__INSTANCIA_PARTICIPANTE_SUCESSAO,dbo.INSTANCIA_PARTICIPANTE_SUCESSAO,BRIDGE,REUSE_AS_BRIDGE,BRG_INSTANCIA_PARTICIPANTE_SUCESSAO,,1,0,implemented,9,
colaborador,job_evaluation_answer_succession,dbo__JobEvaluationAnswerSuccession,dbo.JobEvaluationAnswerSuccession,DEFER,REFINE,,,0,0,implemented,9,
colaborador,kpi_stakeholder,dbo__KPIStakeholder,dbo.KPIStakeholder,DEFER,REFINE,,,0,0,implemented,9,
colaborador,label_employee,dbo__LabelEmployee,dbo.LabelEmployee,DEFER,REFINE,,,0,0,implemented,9,
colaborador,language_level,dbo__LanguageLevel,dbo.LanguageLevel,DIM,REUSE_AS_DIM,DIM_LANGUAGE_LEVEL,,207,80,implemented,9,
colaborador,meta_data_extract,dbo__META_DATA_EXTRACT,dbo.META_DATA_EXTRACT,DEFER,REFINE,,,0,0,implemented,9,
colaborador,motivations,dbo__Motivations,dbo.Motivations,DIM,REUSE_AS_DIM,DIM_MOTIVATIONS,,211,85,implemented,9,
colaborador,nine_box_calibrados,dbo__NINE_BOX_CALIBRADOS,dbo.NINE_BOX_CALIBRADOS,FACT,REUSE_AS_FACT,FACT_NINE_BOX_CALIBRADOS,,8218,0,implemented,9,
colaborador,notificacao_lida,dbo__NOTIFICACAO_LIDA,dbo.NOTIFICACAO_LIDA,DIM,REUSE_AS_DIM,DIM_NOTIFICACAO_LIDA,,0,10,implemented,9,
colaborador,need,dbo__Need,dbo.Need,DEFER,REFINE,,,0,0,implemented,9,
colaborador,perfil_usuario,dbo__PERFIL_USUARIO,dbo.PERFIL_USUARIO,DIM,REUSE_AS_DIM,DIM_PERFIL_USUARIO,,44,0,implemented,9,
colaborador,permissao_dashboard,dbo__PERMISSAO_DASHBOARD,dbo.PERMISSAO_DASHBOARD,DEFER,REFINE,,,0,0,implemented,9,
colaborador,processo,dbo__PROCESSO,dbo.PROCESSO,DIM,REUSE_AS_DIM,DIM_PROCESSO,,2,2,implemented,9,
colaborador,psw_colaborador,dbo__PSW_COLABORADOR,dbo.PSW_COLABORADOR,FACT,REUSE_AS_FACT,FACT_PSW_COLABORADOR,,12396,8307,implemented,9,
colaborador,psw_colaborador_item,dbo__PSW_COLABORADOR_ITEM,dbo.PSW_COLABORADOR_ITEM,BRIDGE,REUSE_AS_BRIDGE,BRG_PSW_COLABORADOR_ITEM,,12390,8299,implemented,9,
colaborador,permissao_financeira,dbo__PermissaoFinanceira,dbo.PermissaoFinanceira,DEFER,REFINE,,,0,0,implemented,9,
colaborador,personal_characteristics,dbo__PersonalCharacteristics,dbo.PersonalCharacteristics,DIM,REUSE_AS_DIM,DIM_PERSONAL_CHARACTERISTICS,,229,87,implemented,9,
colaborador,presentation_favorite_slide,dbo__PresentationFavoriteSlide,dbo.PresentationFavoriteSlide,DIM,REUSE_AS_DIM,DIM_PRESENTATION_FAVORITE_SLIDE,,0,1,implemented,9,
colaborador,professional_experience,dbo__ProfessionalExperience,dbo.ProfessionalExperience,DIM,REUSE_AS_DIM,DIM_PROFESSIONAL_EXPERIENCE,,173,63,implemented,9,
colaborador,profile_edit_permission,dbo__ProfileEditPermission,dbo.ProfileEditPermission,DIM,REUSE_AS_DIM,DIM_PROFILE_EDIT_PERMISSION,,9,5,implemented,9,
colaborador,response,dbo__Response,dbo.Response,DEFER,REFINE,,,0,0,implemented,9,
colaborador,server_cache_preferences_management_cycle,dbo__ServerCachePreferencesManagementCycle,dbo.ServerCachePreferencesManagementCycle,DIM,REUSE_AS_DIM,DIM_SERVER_CACHE_PREFERENCES_MANAGEMENT_CYCLE,,9,9,implemented,9,
colaborador,sport,dbo__Sport,dbo.Sport,DIM,REUSE_AS_DIM,DIM_SPORT,,370,159,implemented,9,
colaborador,stakeholder,dbo__Stakeholder,dbo.Stakeholder,DEFER,REFINE,,,0,0,implemented,9,
colaborador,stakeholders_committees,dbo__StakeholdersCommittees,dbo.StakeholdersCommittees,DEFER,REFINE,,,0,0,implemented,9,
colaborador,stakeholders_project,dbo__StakeholdersProject,dbo.StakeholdersProject,DEFER,REFINE,,,0,0,implemented,9,
colaborador,system_knowledge,dbo__SystemKnowledge,dbo.SystemKnowledge,DIM,REUSE_AS_DIM,DIM_SYSTEM_KNOWLEDGE,,19,9,implemented,9,
colaborador,termo_aceite_secao,dbo__TERMO_ACEITE_SECAO,dbo.TERMO_ACEITE_SECAO,DIM,REUSE_AS_DIM,DIM_TERMO_ACEITE_SECAO,,9,5,implemented,9,
colaborador,theme,dbo__Theme,dbo.Theme,DIM,REUSE_AS_DIM,DIM_THEME,,0,2,implemented,9,
colaborador,theme_history,dbo__ThemeHistory,dbo.ThemeHistory,DIM,REUSE_AS_DIM,DIM_THEME_HISTORY,,0,25,implemented,9,
colaborador,theme_share,dbo__ThemeShare,dbo.ThemeShare,FACT,REUSE_AS_FACT,FACT_THEME_SHARE,,0,1206,implemented,9,
colaborador,volunteer_experience,dbo__VolunteerExperience,dbo.VolunteerExperience,DIM,REUSE_AS_DIM,DIM_VOLUNTEER_EXPERIENCE,,21,3,implemented,9,
colaborador,volunteer_function,dbo__VolunteerFunction,dbo.VolunteerFunction,DIM,REUSE_AS_DIM,DIM_VOLUNTEER_FUNCTION,,10,2,implemented,9,
colaborador,welcome_support_employee,dbo__WelcomeSupportEmployee,dbo.WelcomeSupportEmployee,DEFER,REFINE,,,0,0,implemented,9,
metricas,meta,dbo__META,dbo.META,DIM,REUSE_AS_DIM,DIM_META,,29484,50000,implemented,2,Allos TOP 50k amostra
metricas,indicador,dbo__INDICADOR,dbo.INDICADOR,DIM,REUSE_AS_DIM,DIM_INDICADOR,,46,336,implemented,2,
metricas,valor_meta,dbo__VALOR_META,dbo.VALOR_META,FACT,REUSE_AS_FACT,FACT_VALOR_META,"tenant_slug, id_meta, id_periodo_apuracao",38293,50000,implemented,2,
metricas,nota_meta,dbo__NOTA_META,dbo.NOTA_META,FACT,REUSE_AS_FACT,FACT_NOTA_META,"tenant_slug, id_meta, id_periodo_apuracao",11761,50000,implemented,2,
metricas,expressao_calculo,dbo__EXPRESSAO_CALCULO_META,dbo.EXPRESSAO_CALCULO_META,FACT,REUSE_AS_FACT,FACT_EXPRESSAO_CALCULO,,27432,50000,implemented,2,
metricas,periodo_gestao,dbo__PERIODO_GESTAO,dbo.PERIODO_GESTAO,DIM,REUSE_AS_DIM,DIM_PERIODO_GESTAO,,3,6,implemented,2,
metricas,periodo_apuracao,dbo__PERIODO_APURACAO,dbo.PERIODO_APURACAO,DIM,REUSE_AS_DIM,DIM_PERIODO_APURACAO,,5,4,implemented,2,
metricas,valor_matriz,dbo__ValorMatriz,dbo.ValorMatriz,DEFER,REUSE_AS_FACT,,"tenant_slug, fk_matriz, fk_membro_dimensao1, fk_membro_dimensao2, dt_ref",0,0,implemented,5,Fato de células da matriz de performance (previsto/realizado pontual e acumulado por DtRef × FkMatriz × MembroDimensao).
metricas,matriz,dbo__Matriz,dbo.Matriz,DEFER,REFINE,,,0,0,implemented,5,
metricas,membro_dimensao,dbo__MembroDimensao,dbo.MembroDimensao,DEFER,REFINE,,,0,0,implemented,5,
metricas,strategy_cycle,dbo__StrategyCycle,dbo.StrategyCycle,DEFER,REFINE,,,0,0,implemented,5,Estratégia fundida em metricas (ADR-014)
metricas,objective,okr__Objective,okr.Objective,DEFER,REFINE,,,0,0,implemented,6,OKR no CH database metricas (ADR-013); sem FK para dbo.META
metricas,key_result,okr__KeyResult,okr.KeyResult,DEFER,REFINE,,,0,0,implemented,6,
metricas,key_result_value,okr__KeyResultValue,okr.KeyResultValue,DEFER,REFINE,,,0,0,implemented,6,
metricas,key_result_progress,okr__KeyResultProgress,okr.KeyResultProgress,DEFER,REFINE,,,0,0,implemented,6,
metricas,objective_progress,okr__ObjectiveProgress,okr.ObjectiveProgress,DEFER,REFINE,,,0,0,implemented,6,
metricas,objective_tree,okr__ObjectiveTree,okr.ObjectiveTree,DEFER,REFINE,,,0,0,implemented,6,
metricas,employee_key_result,okr__EmployeeKeyResult,okr.EmployeeKeyResult,DEFER,REFINE,,,0,0,implemented,6,
metricas,to_do_kr,okr__ToDoKR,okr.ToDoKR,DEFER,REFINE,,,0,0,implemented,6,
metricas,area_book,dbo__AREA_BOOK,dbo.AREA_BOOK,DEFER,REFINE,,,0,0,implemented,11,
metricas,advance_payment_config,dbo__AdvancePaymentConfig,dbo.AdvancePaymentConfig,DEFER,REFINE,,,0,0,implemented,11,
metricas,area_history_config,dbo__AreaHistoryConfig,dbo.AreaHistoryConfig,DIM,REUSE_AS_DIM,DIM_AREA_HISTORY_CONFIG,,1,0,implemented,11,
metricas,areas_group,dbo__AreasGroup,dbo.AreasGroup,DEFER,REFINE,,,0,0,implemented,11,
metricas,arvore_membros_quebra,dbo__ArvoreMembrosQuebra,dbo.ArvoreMembrosQuebra,DEFER,REFINE,,,0,0,implemented,11,
metricas,code_generator,dbo__CODE_GENERATOR,dbo.CODE_GENERATOR,DIM,REUSE_AS_DIM,DIM_CODE_GENERATOR,,17,26,implemented,11,
metricas,colaborador_score,dbo__COLABORADOR_SCORE,dbo.COLABORADOR_SCORE,DEFER,REFINE,,,0,0,implemented,11,
metricas,curva_multiplo,dbo__CURVA_MULTIPLO,dbo.CURVA_MULTIPLO,DIM,REUSE_AS_DIM,DIM_CURVA_MULTIPLO,,149,240,implemented,11,
metricas,curva_pontuacao,dbo__CURVA_PONTUACAO,dbo.CURVA_PONTUACAO,DEFER,REFINE,,,0,0,implemented,11,
metricas,curva_premiacao,dbo__CURVA_PREMIACAO,dbo.CURVA_PREMIACAO,DIM,REUSE_AS_DIM,DIM_CURVA_PREMIACAO,,26,14,implemented,11,
metricas,calibration_group_discretionary,dbo__CalibrationGroupDiscretionary,dbo.CalibrationGroupDiscretionary,DIM,REUSE_AS_DIM,DIM_CALIBRATION_GROUP_DISCRETIONARY,,54,0,implemented,11,
metricas,category_analysis,dbo__CategoryAnalysis,dbo.CategoryAnalysis,DEFER,REFINE,,,0,0,implemented,11,
metricas,concept_discretionary,dbo__ConceptDiscretionary,dbo.ConceptDiscretionary,DIM,REUSE_AS_DIM,DIM_CONCEPT_DISCRETIONARY,,0,10,implemented,11,
metricas,diretriz,dbo__DIRETRIZ,dbo.DIRETRIZ,DIM,REUSE_AS_DIM,DIM_DIRETRIZ,,181,11,implemented,11,
metricas,dimensao,dbo__Dimensao,dbo.Dimensao,DEFER,REFINE,,,0,0,implemented,11,
metricas,extract_control,dbo__ExtractControl,dbo.ExtractControl,DEFER,REFINE,,,0,0,implemented,11,
metricas,faixa_classificacao,dbo__FAIXA_CLASSIFICACAO,dbo.FAIXA_CLASSIFICACAO,DEFER,REFINE,,,0,0,implemented,11,
metricas,faixa_classificacao_performance,dbo__FAIXA_CLASSIFICACAO_PERFORMANCE,dbo.FAIXA_CLASSIFICACAO_PERFORMANCE,DEFER,REFINE,,,0,0,implemented,11,
metricas,faixa_farol,dbo__FAIXA_FAROL,dbo.FAIXA_FAROL,DIM,REUSE_AS_DIM,DIM_FAIXA_FAROL,,2,2,implemented,11,
metricas,faixa_farol_item,dbo__FAIXA_FAROL_ITEM,dbo.FAIXA_FAROL_ITEM,BRIDGE,REUSE_AS_BRIDGE,BRG_FAIXA_FAROL_ITEM,,7,6,implemented,11,
metricas,farol,dbo__FAROL,dbo.FAROL,DIM,REUSE_AS_DIM,DIM_FAROL,,8,8,implemented,11,
metricas,frequencia_acomp,dbo__FREQUENCIA_ACOMP,dbo.FREQUENCIA_ACOMP,DIM,REUSE_AS_DIM,DIM_FREQUENCIA_ACOMP,,9,9,implemented,11,
metricas,frequencia_visualizacao,dbo__FREQUENCIA_VISUALIZACAO,dbo.FREQUENCIA_VISUALIZACAO,DIM,REUSE_AS_DIM,DIM_FREQUENCIA_VISUALIZACAO,,13,13,implemented,11,
metricas,factor_trigger_configuration,dbo__FactorTriggerConfiguration,dbo.FactorTriggerConfiguration,DIM,REUSE_AS_DIM,DIM_FACTOR_TRIGGER_CONFIGURATION,,0,25,implemented,11,
metricas,grupo_indicador_associado,dbo__GRUPO_INDICADOR_ASSOCIADO,dbo.GRUPO_INDICADOR_ASSOCIADO,DEFER,REFINE,,,0,0,implemented,11,
metricas,grupo_pagto,dbo__GRUPO_PAGTO,dbo.GRUPO_PAGTO,DIM,REUSE_AS_DIM,DIM_GRUPO_PAGTO,,5,126,implemented,11,
metricas,goal_observation,dbo__GoalObservation,dbo.GoalObservation,DEFER,REFINE,,,0,0,implemented,11,
metricas,goal_pendency_value_import,dbo__GoalPendencyValueImport,dbo.GoalPendencyValueImport,DIM,REUSE_AS_DIM,DIM_GOAL_PENDENCY_VALUE_IMPORT,,84,0,implemented,11,
metricas,goal_workflow,dbo__GoalWorkflow,dbo.GoalWorkflow,DIM,REUSE_AS_DIM,DIM_GOAL_WORKFLOW,,5,6,implemented,11,
metricas,goal_workflow_custom_step,dbo__GoalWorkflowCustomStep,dbo.GoalWorkflowCustomStep,DIM,REUSE_AS_DIM,DIM_GOAL_WORKFLOW_CUSTOM_STEP,,0,2,implemented,11,
metricas,goal_workflow_step,dbo__GoalWorkflowStep,dbo.GoalWorkflowStep,DIM,REUSE_AS_DIM,DIM_GOAL_WORKFLOW_STEP,,6,12,implemented,11,
metricas,indicador_tipometa,dbo__INDICADOR_TIPOMETA,dbo.INDICADOR_TIPOMETA,DIM,REUSE_AS_DIM,DIM_INDICADOR_TIPOMETA,,1,2,implemented,11,
metricas,indicador_tipometa_book,dbo__INDICADOR_TIPOMETA_BOOK,dbo.INDICADOR_TIPOMETA_BOOK,DEFER,REFINE,,,0,0,implemented,11,
metricas,info_nota_meta,dbo__INFO_NOTA_META,dbo.INFO_NOTA_META,FACT,REUSE_AS_FACT,FACT_INFO_NOTA_META,,3805,20054,implemented,11,
metricas,initiative,dbo__Initiative,dbo.Initiative,DEFER,REFINE,,,0,0,implemented,11,
metricas,item_swot_analysis,dbo__ItemSwotAnalysis,dbo.ItemSwotAnalysis,DEFER,REFINE,,,0,0,implemented,11,
metricas,item_swot_analysis_relationship,dbo__ItemSwotAnalysisRelationship,dbo.ItemSwotAnalysisRelationship,DEFER,REFINE,,,0,0,implemented,11,
metricas,item_swot_analysis_relationship_item_swot_analysis,dbo__ItemSwotAnalysisRelationshipItemSwotAnalysis,dbo.ItemSwotAnalysisRelationshipItemSwotAnalysis,DEFER,REFINE,,,0,0,implemented,11,
metricas,label_goal,dbo__LabelGoal,dbo.LabelGoal,FACT,REUSE_AS_FACT,FACT_LABEL_GOAL,,0,50000,implemented,11,
metricas,metabook,dbo__METABOOK,dbo.METABOOK,DEFER,REFINE,,,0,0,implemented,11,
metricas,monthly_goal,dbo__MonthlyGoal,dbo.MonthlyGoal,DEFER,REFINE,,,0,0,implemented,11,
metricas,nivel,dbo__NIVEL,dbo.NIVEL,DIM,REUSE_AS_DIM,DIM_NIVEL,,54,126,implemented,11,
metricas,nota_book,dbo__NOTA_BOOK,dbo.NOTA_BOOK,DEFER,REFINE,,,0,0,implemented,11,
metricas,nota_meta_book,dbo__NOTA_META_BOOK,dbo.NOTA_META_BOOK,DEFER,REFINE,,,0,0,implemented,11,
metricas,nivel_membros,dbo__NivelMembros,dbo.NivelMembros,DEFER,REFINE,,,0,0,implemented,11,
metricas,normalization_curve_point,dbo__NormalizationCurvePoint,dbo.NormalizationCurvePoint,DIM,REUSE_AS_DIM,DIM_NORMALIZATION_CURVE_POINT,,0,5,implemented,11,
metricas,perspective,dbo__Perspective,dbo.Perspective,DEFER,REFINE,,,0,0,implemented,11,
metricas,pool,dbo__Pool,dbo.Pool,DIM,REUSE_AS_DIM,DIM_POOL,,0,4,implemented,11,
metricas,range_discretionary,dbo__RangeDiscretionary,dbo.RangeDiscretionary,DIM,REUSE_AS_DIM,DIM_RANGE_DISCRETIONARY,,0,10,implemented,11,
metricas,rel_upper_goal,dbo__RelUpperGoal,dbo.RelUpperGoal,DIM,REUSE_AS_DIM,DIM_REL_UPPER_GOAL,,29,345,implemented,11,
metricas,score_values_rv,dbo__ScoreValuesRV,dbo.ScoreValuesRV,FACT,REUSE_AS_FACT,FACT_SCORE_VALUES_RV,,4090,9876,implemented,11,
metricas,strategy_action,dbo__StrategyAction,dbo.StrategyAction,DEFER,REFINE,,,0,0,implemented,11,
metricas,strategy_analysis,dbo__StrategyAnalysis,dbo.StrategyAnalysis,DEFER,REFINE,,,0,0,implemented,11,
metricas,strategy_analysis_attachment,dbo__StrategyAnalysisAttachment,dbo.StrategyAnalysisAttachment,DEFER,REFINE,,,0,0,implemented,11,
metricas,strategy_goal,dbo__StrategyGoal,dbo.StrategyGoal,DEFER,REFINE,,,0,0,implemented,11,
metricas,strategy_goal_metric,dbo__StrategyGoalMetric,dbo.StrategyGoalMetric,DEFER,REFINE,,,0,0,implemented,11,
metricas,strategy_goal_metric_value,dbo__StrategyGoalMetricValue,dbo.StrategyGoalMetricValue,DEFER,REFINE,,,0,0,implemented,11,
metricas,strategy_goal_project,dbo__StrategyGoalProject,dbo.StrategyGoalProject,DEFER,REFINE,,,0,0,implemented,11,
metricas,strategy_goal_project_value,dbo__StrategyGoalProjectValue,dbo.StrategyGoalProjectValue,DEFER,REFINE,,,0,0,implemented,11,
metricas,swot_analysis,dbo__SwotAnalysis,dbo.SwotAnalysis,DEFER,REFINE,,,0,0,implemented,11,
metricas,termo_aceite,dbo__TERMO_ACEITE,dbo.TERMO_ACEITE,DIM,REUSE_AS_DIM,DIM_TERMO_ACEITE,,3,3,implemented,11,
metricas,trigger,dbo__Trigger,dbo.Trigger,DIM,REUSE_AS_DIM,DIM_TRIGGER,,114,2,implemented,11,
metricas,trigger_curve,dbo__TriggerCurve,dbo.TriggerCurve,DIM,REUSE_AS_DIM,DIM_TRIGGER_CURVE,,114,2,implemented,11,
metricas,trigger_curve_item,dbo__TriggerCurveItem,dbo.TriggerCurveItem,DIM,REUSE_AS_DIM,DIM_TRIGGER_CURVE_ITEM,,340,2,implemented,11,
metricas,valor_meta_book,dbo__VALOR_META_BOOK,dbo.VALOR_META_BOOK,DEFER,REFINE,,,0,0,implemented,11,
metricas,visao,dbo__Visao,dbo.Visao,DEFER,REFINE,,,0,0,implemented,11,
metricas,year_personal_goal,dbo__YearPersonalGoal,dbo.YearPersonalGoal,DIM,REUSE_AS_DIM,DIM_YEAR_PERSONAL_GOAL,,203,77,implemented,11,
organizacao,area,dbo__AREA,dbo.AREA,DIM,REUSE_AS_DIM,DIM_AREA,,34632,2135,implemented,1,
organizacao,cargo,dbo__CARGO,dbo.CARGO,DIM,REUSE_AS_DIM,DIM_CARGO,,50000,41,implemented,1,Allos/Afya TOP 50k amostra em CARGO
organizacao,grupo_usuario,dbo__GRUPO_USUARIO,dbo.GRUPO_USUARIO,DIM,REUSE_AS_DIM,DIM_GRUPO_USUARIO,,14,7,implemented,1,
organizacao,filial,dbo__FILIAL,dbo.FILIAL,DIM,REUSE_AS_DIM,DIM_FILIAL,,85,94,implemented,1,
organizacao,perfil_area,dbo__PERFIL_AREA,dbo.PERFIL_AREA,BRIDGE,REUSE_AS_BRIDGE,BRG_PERFIL_AREA,,9714,12231,implemented,1,
organizacao,area_interesse_mudanca_avaliado,competences__AREA_INTERESSE_MUDANCA_AVALIADO,competences.AREA_INTERESSE_MUDANCA_AVALIADO,DEFER,REFINE,,,0,0,implemented,5,
organizacao,administrador_local_filial,dbo__ADMINISTRADOR_LOCAL_FILIAL,dbo.ADMINISTRADOR_LOCAL_FILIAL,DIM,REUSE_AS_DIM,DIM_ADMINISTRADOR_LOCAL_FILIAL,,0,133,implemented,5,
organizacao,area_forum_sucessao,dbo__AREA_FORUM_SUCESSAO,dbo.AREA_FORUM_SUCESSAO,DIM,REUSE_AS_DIM,DIM_AREA_FORUM_SUCESSAO,,1,0,implemented,5,
organizacao,area_history,dbo__AreaHistory,dbo.AreaHistory,FACT,REUSE_AS_FACT,FACT_AREA_HISTORY,,11579,11037,implemented,5,
organizacao,areas_group_item,dbo__AreasGroupItem,dbo.AreasGroupItem,DEFER,REFINE,,,0,0,implemented,5,
organizacao,book,dbo__BOOK,dbo.BOOK,DEFER,REFINE,,,0,0,implemented,5,
organizacao,company,dbo__Company,dbo.Company,DIM,REUSE_AS_DIM,DIM_COMPANY,,151,50,implemented,5,
organizacao,custom_grade_formation,dbo__CustomGradeFormation,dbo.CustomGradeFormation,DIM,REUSE_AS_DIM,DIM_CUSTOM_GRADE_FORMATION,,0,72,implemented,5,
organizacao,deliberacao_forum_avaliado,dbo__DELIBERACAO_FORUM_AVALIADO,dbo.DELIBERACAO_FORUM_AVALIADO,DEFER,REFINE,,,0,0,implemented,5,
organizacao,funcao_area,dbo__FUNCAO_AREA,dbo.FUNCAO_AREA,DEFER,REFINE,,,0,0,implemented,5,
organizacao,grupo_cargo,dbo__GRUPO_CARGO,dbo.GRUPO_CARGO,DIM,REUSE_AS_DIM,DIM_GRUPO_CARGO,,168,1,implemented,5,
organizacao,grupo_funcionalidade,dbo__GRUPO_FUNCIONALIDADE,dbo.GRUPO_FUNCIONALIDADE,DIM,REUSE_AS_DIM,DIM_GRUPO_FUNCIONALIDADE,,73,73,implemented,5,
organizacao,goal_audit,dbo__GoalAudit,dbo.GoalAudit,DEFER,REFINE,,,0,0,implemented,5,
organizacao,goal_workflow_area_employee_approver,dbo__GoalWorkflowAreaEmployeeApprover,dbo.GoalWorkflowAreaEmployeeApprover,DEFER,REFINE,,,0,0,implemented,5,
organizacao,history_section,dbo__HistorySection,dbo.HistorySection,FACT,REUSE_AS_FACT,FACT_HISTORY_SECTION,,4090,10607,implemented,5,
organizacao,job_position_core,dbo__JobPositionCore,dbo.JobPositionCore,DIM,REUSE_AS_DIM,DIM_JOB_POSITION_CORE,,104,41,implemented,5,
organizacao,job_position_level,dbo__JobPositionLevel,dbo.JobPositionLevel,FACT,REUSE_AS_FACT,FACT_JOB_POSITION_LEVEL,,45193,126,implemented,5,
organizacao,job_position_succession,dbo__JobPositionSuccession,dbo.JobPositionSuccession,DEFER,REFINE,,,0,0,implemented,5,
organizacao,locality,dbo__Locality,dbo.Locality,DIM,REUSE_AS_DIM,DIM_LOCALITY,,50,1,implemented,5,
organizacao,manager_succession,dbo__ManagerSuccession,dbo.ManagerSuccession,DEFER,REFINE,,,0,0,implemented,5,
organizacao,organization_identity,dbo__OrganizationIdentity,dbo.OrganizationIdentity,DEFER,REFINE,,,0,0,implemented,5,
organizacao,perfil_grupo_usuario,dbo__PERFIL_GRUPO_USUARIO,dbo.PERFIL_GRUPO_USUARIO,FACT,REUSE_AS_FACT,FACT_PERFIL_GRUPO_USUARIO,,3266,1638,implemented,5,
organizacao,termo_aceite_assinatura,dbo__TERMO_ACEITE_ASSINATURA,dbo.TERMO_ACEITE_ASSINATURA,FACT,REUSE_AS_FACT,FACT_TERMO_ACEITE_ASSINATURA,,977,2727,implemented,5,
organizacao,trigger_area,dbo__TriggerArea,dbo.TriggerArea,FACT,REUSE_AS_FACT,FACT_TRIGGER_AREA,,1526,439,implemented,5,
pdi,training,dbo__Training,dbo.Training,DEFER,REFINE,,,0,0,implemented,8,
pdi,training_class,dbo__TrainingClass,dbo.TrainingClass,DEFER,REFINE,,,0,0,implemented,8,
pdi,training_class_participants,dbo__TrainingClassParticipants,dbo.TrainingClassParticipants,DEFER,REFINE,,,0,0,implemented,8,
pdi,historico_pdi,dbo__HISTORICO_PDI,dbo.HISTORICO_PDI,DEFER,REFINE,,,0,0,implemented,8,
pdi,acao_sugerida_pdi,competences__ACAO_SUGERIDA_PDI,competences.ACAO_SUGERIDA_PDI,DIM,REUSE_AS_DIM,DIM_ACAO_SUGERIDA_PDI,,114,173,implemented,8,
pdi,categoria_pdi_acao,competences__CATEGORIA_PDI_ACAO,competences.CATEGORIA_PDI_ACAO,DIM,REUSE_AS_DIM,DIM_CATEGORIA_PDI_ACAO,,14,2,implemented,8,
pdi,individual_development_action,competences__IndividualDevelopmentAction,competences.IndividualDevelopmentAction,FACT,REUSE_AS_FACT,FACT_INDIVIDUAL_DEVELOPMENT_ACTION,,10755,10564,implemented,8,
pdi,biblioteca,dbo__BIBLIOTECA,dbo.BIBLIOTECA,DIM,REUSE_AS_DIM,DIM_BIBLIOTECA,,1,1,implemented,8,
pdi,labels_tag_trainings,dbo__LabelsTagTrainings,dbo.LabelsTagTrainings,DEFER,REFINE,,,0,0,implemented,8,
pdi,necessary_resources_of_training,dbo__NecessaryResourcesOfTraining,dbo.NecessaryResourcesOfTraining,DEFER,REFINE,,,0,0,implemented,8,
pdi,qualification_center_config,dbo__QualificationCenterConfig,dbo.QualificationCenterConfig,DEFER,REFINE,,,0,0,implemented,8,
pdi,qualification_manager,dbo__QualificationManager,dbo.QualificationManager,DEFER,REFINE,,,0,0,implemented,8,
pdi,qualification_managers_subordinates,dbo__QualificationManagersSubordinates,dbo.QualificationManagersSubordinates,DEFER,REFINE,,,0,0,implemented,8,
pdi,skill_category,dbo__SkillCategory,dbo.SkillCategory,DIM,REUSE_AS_DIM,DIM_SKILL_CATEGORY,,4,4,implemented,8,
pdi,skill_knowledge,dbo__SkillKnowledge,dbo.SkillKnowledge,DIM,REUSE_AS_DIM,DIM_SKILL_KNOWLEDGE,,2,2,implemented,8,
pdi,training_attachment,dbo__TrainingAttachment,dbo.TrainingAttachment,DEFER,REFINE,,,0,0,implemented,8,
pdi,training_class_demands,dbo__TrainingClassDemands,dbo.TrainingClassDemands,DEFER,REFINE,,,0,0,implemented,8,
pdi,training_class_participants_confirmed,dbo__TrainingClassParticipantsConfirmed,dbo.TrainingClassParticipantsConfirmed,DEFER,REFINE,,,0,0,implemented,8,
pdi,training_class_time_weekly,dbo__TrainingClassTimeWeekly,dbo.TrainingClassTimeWeekly,DEFER,REFINE,,,0,0,implemented,8,
pdi,training_draft,dbo__TrainingDraft,dbo.TrainingDraft,DEFER,REFINE,,,0,0,implemented,8,
pdi,training_package,dbo__TrainingPackage,dbo.TrainingPackage,DEFER,REFINE,,,0,0,implemented,8,
pdi,training_packages_trainings,dbo__TrainingPackagesTrainings,dbo.TrainingPackagesTrainings,DEFER,REFINE,,,0,0,implemented,8,
referencia,unidade_medida,dbo__UNIDADE_MEDIDA,dbo.UNIDADE_MEDIDA,REF,REUSE_AS_DIM,REF_UNIDADE_MEDIDA,,10,25,implemented,2,
referencia,cotacao_moeda,dbo__COTACAO_MOEDA,dbo.COTACAO_MOEDA,DEFER,REFINE,,,0,0,implemented,10,
referencia,customer_bound_translate_tag,dbo__CustomerBoundTranslateTag,dbo.CustomerBoundTranslateTag,REF,REUSE_AS_DIM,REF_CUSTOMER_BOUND_TRANSLATE_TAG,,49,80,implemented,10,
referencia,grandeza,dbo__GRANDEZA,dbo.GRANDEZA,REF,REUSE_AS_DIM,REF_GRANDEZA,,6,6,implemented,10,
referencia,grupo_indicador,dbo__GRUPO_INDICADOR,dbo.GRUPO_INDICADOR,DEFER,REFINE,,,0,0,implemented,10,
referencia,idioma,dbo__IDIOMA,dbo.IDIOMA,REF,REUSE_AS_DIM,REF_IDIOMA,,12,12,implemented,10,
referencia,indicador_book,dbo__INDICADOR_BOOK,dbo.INDICADOR_BOOK,DEFER,REFINE,,,0,0,implemented,10,
referencia,mail_config,dbo__MAIL_CONFIG,dbo.MAIL_CONFIG,REF,REUSE_AS_DIM,REF_MAIL_CONFIG,,56,56,implemented,10,
referencia,plugin_info,dbo__PLUGIN_INFO,dbo.PLUGIN_INFO,REF,REUSE_AS_DIM,REF_PLUGIN_INFO,,3,3,implemented,10,
referencia,system_config,dbo__SYSTEM_CONFIG,dbo.SYSTEM_CONFIG,REF,REUSE_AS_DIM,REF_SYSTEM_CONFIG,,1,1,implemented,10,
referencia,tipo_acumulacao,dbo__TipoAcumulacao,dbo.TipoAcumulacao,REF,REUSE_AS_DIM,REF_TIPO_ACUMULACAO,,2,2,implemented,10,
referencia,translate_tag_culture,dbo__TranslateTagCulture,dbo.TranslateTagCulture,REF,REUSE_AS_DIM,REF_TRANSLATE_TAG_CULTURE,,1,3,implemented,10,
referencia,translate_tag_handle,dbo__TranslateTagHandle,dbo.TranslateTagHandle,REF,REUSE_AS_DIM,REF_TRANSLATE_TAG_HANDLE,,49,54,implemented,10,
referencia,versao,dbo__VERSAO,dbo.VERSAO,REF,REUSE_AS_DIM,REF_VERSAO,,5,5,implemented,10,
remuneracao,participante_rv,dbo__PARTICIPANTE_RV,dbo.PARTICIPANTE_RV,BRIDGE,REUSE_AS_BRIDGE,BRG_PARTICIPANTE_RV,"tenant_slug, id",45128,18269,implemented,4,
remuneracao,cotacao_moeda_item,dbo__COTACAO_MOEDA_ITEM,dbo.COTACAO_MOEDA_ITEM,DEFER,REFINE,,,0,0,implemented,4,
remuneracao,eligible_discretionary,dbo__EligibleDiscretionary,dbo.EligibleDiscretionary,FACT,REUSE_AS_FACT,FACT_ELIGIBLE_DISCRETIONARY,,4101,3,implemented,4,
remuneracao,employee_analytic_result,dbo__EmployeeAnalyticResult,dbo.EmployeeAnalyticResult,FACT,REUSE_AS_FACT,FACT_EMPLOYEE_ANALYTIC_RESULT,,4090,10254,implemented,4,
remuneracao,extract_employee_options,dbo__ExtractEmployeeOptions,dbo.ExtractEmployeeOptions,DEFER,REFINE,,,0,0,implemented,4,
remuneracao,modifier,dbo__Modifier,dbo.Modifier,DIM,REUSE_AS_DIM,DIM_MODIFIER,,45,281,implemented,4,
remuneracao,modifier_item,dbo__ModifierItem,dbo.ModifierItem,DIM,REUSE_AS_DIM,DIM_MODIFIER_ITEM,,135,0,implemented,4,
remuneracao,participant_advance_payment,dbo__ParticipantAdvancePayment,dbo.ParticipantAdvancePayment,DEFER,REFINE,,,0,0,implemented,4,
remuneracao,participant_advance_payment_discount,dbo__ParticipantAdvancePaymentDiscount,dbo.ParticipantAdvancePaymentDiscount,DEFER,REFINE,,,0,0,implemented,4,
remuneracao,participant_aggregated_advance_payment,dbo__ParticipantAggregatedAdvancePayment,dbo.ParticipantAggregatedAdvancePayment,DEFER,REFINE,,,0,0,implemented,4,
remuneracao,participant_aggregated_extract,dbo__ParticipantAggregatedExtract,dbo.ParticipantAggregatedExtract,FACT,REUSE_AS_FACT,FACT_PARTICIPANT_AGGREGATED_EXTRACT,,49080,50000,implemented,4,
remuneracao,participant_extract,dbo__ParticipantExtract,dbo.ParticipantExtract,FACT,REUSE_AS_FACT,FACT_PARTICIPANT_EXTRACT,,49080,50000,implemented,4,
remuneracao,participant_extract_control,dbo__ParticipantExtractControl,dbo.ParticipantExtractControl,FACT,REUSE_AS_FACT,FACT_PARTICIPANT_EXTRACT_CONTROL,,0,10602,implemented,4,
remuneracao,simulation_rv_cache,dbo__SimulationRVCache,dbo.SimulationRVCache,DIM,REUSE_AS_DIM,DIM_SIMULATION_RV_CACHE,,0,1,implemented,4,
sucessao,succession_cycle,dbo__SuccessionCycle,dbo.SuccessionCycle,DIM,REUSE_AS_DIM,DIM_SUCCESSION_CYCLE,,1,0,implemented,7,
sucessao,succession_cycle_settings,dbo__SuccessionCycleSettings,dbo.SuccessionCycleSettings,DIM,REUSE_AS_DIM,DIM_SUCCESSION_CYCLE_SETTINGS,,1,0,implemented,7,
sucessao,succession_nomination,dbo__SuccessionNomination,dbo.SuccessionNomination,DEFER,REFINE,,,0,0,implemented,7,
sucessao,succession_results,dbo__SuccessionResults,dbo.SuccessionResults,DIM,REUSE_AS_DIM,DIM_SUCCESSION_RESULTS,,1,0,implemented,7,
sucessao,instancia_sucessao,dbo__INSTANCIA_SUCESSAO,dbo.INSTANCIA_SUCESSAO,DIM,REUSE_AS_DIM,DIM_INSTANCIA_SUCESSAO,,1,0,implemented,7,
sucessao,classification_impact_of_loss,dbo__ClassificationImpactOfLoss,dbo.ClassificationImpactOfLoss,DEFER,REFINE,,,0,0,implemented,7,
sucessao,classification_risk_of_loss,dbo__ClassificationRiskOfLoss,dbo.ClassificationRiskOfLoss,DEFER,REFINE,,,0,0,implemented,7,
sucessao,formulario_avaliacao_sucessao,dbo__FORMULARIO_AVALIACAO_SUCESSAO,dbo.FORMULARIO_AVALIACAO_SUCESSAO,DEFER,REFINE,,,0,0,implemented,7,
sucessao,forum_calibragem_sucessao,dbo__FORUM_CALIBRAGEM_SUCESSAO,dbo.FORUM_CALIBRAGEM_SUCESSAO,DIM,REUSE_AS_DIM,DIM_FORUM_CALIBRAGEM_SUCESSAO,,1,0,implemented,7,
sucessao,forum_quadrante_sucessao_modelo,dbo__FORUM_QUADRANTE_SUCESSAO_MODELO,dbo.FORUM_QUADRANTE_SUCESSAO_MODELO,DIM,REUSE_AS_DIM,DIM_FORUM_QUADRANTE_SUCESSAO_MODELO,,9,0,implemented,7,
sucessao,funcao_forum_sucessao,dbo__FUNCAO_FORUM_SUCESSAO,dbo.FUNCAO_FORUM_SUCESSAO,DEFER,REFINE,,,0,0,implemented,7,
sucessao,funcao_impacto_sucessao,dbo__FUNCAO_IMPACTO_SUCESSAO,dbo.FUNCAO_IMPACTO_SUCESSAO,DEFER,REFINE,,,0,0,implemented,7,
sucessao,funcao_potencial_sucessao,dbo__FUNCAO_POTENCIAL_SUCESSAO,dbo.FUNCAO_POTENCIAL_SUCESSAO,DEFER,REFINE,,,0,0,implemented,7,
sucessao,funcao_risco_sucessao,dbo__FUNCAO_RISCO_SUCESSAO,dbo.FUNCAO_RISCO_SUCESSAO,DEFER,REFINE,,,0,0,implemented,7,
sucessao,funcao_sucessao,dbo__FUNCAO_SUCESSAO,dbo.FUNCAO_SUCESSAO,DEFER,REFINE,,,0,0,implemented,7,
sucessao,impacto,dbo__IMPACTO,dbo.IMPACTO,DEFER,REFINE,,,0,0,implemented,7,
sucessao,potencial,dbo__POTENCIAL,dbo.POTENCIAL,DEFER,REFINE,,,0,0,implemented,7,
sucessao,risco,dbo__RISCO,dbo.RISCO,DEFER,REFINE,,,0,0,implemented,7,
sucessao,readiness,dbo__Readiness,dbo.Readiness,DIM,REUSE_AS_DIM,DIM_READINESS,,1,0,implemented,7,
sucessao,score_curve_impact_succession,dbo__ScoreCurveImpactSuccession,dbo.ScoreCurveImpactSuccession,DEFER,REFINE,,,0,0,implemented,7,
sucessao,score_curve_risk_succession,dbo__ScoreCurveRiskSuccession,dbo.ScoreCurveRiskSuccession,DEFER,REFINE,,,0,0,implemented,7,
sucessao,score_curve_succession,dbo__ScoreCurveSuccession,dbo.ScoreCurveSuccession,DEFER,REFINE,,,0,0,implemented,7,
sucessao,succession_job_position_readiness,dbo__SuccessionJobPositionReadiness,dbo.SuccessionJobPositionReadiness,DEFER,REFINE,,,0,0,implemented,7,
sucessao,succession_scores_details,dbo__SuccessionScoresDetails,dbo.SuccessionScoresDetails,FACT,REUSE_AS_FACT,FACT_SUCCESSION_SCORES_DETAILS,,2,0,implemented,7,
sucessao,x_axis_classification,dbo__XAxisClassification,dbo.XAxisClassification,DIM,REUSE_AS_DIM,DIM_X_AXIS_CLASSIFICATION,,3,0,implemented,7,
sucessao,y_axis_classification,dbo__YAxisClassification,dbo.YAxisClassification,DIM,REUSE_AS_DIM,DIM_Y_AXIS_CLASSIFICATION,,3,0,implemented,7,
