erp_key,bronze,schema,table,domain,dimensional_role,snowflake_candidate,fk_degree,pk_columns,row_count_afya,row_count_allos,populated_clients,silver_table,silver_domain,silver_implemented,grain
HangFire.AggregatedCounter,HangFire__AggregatedCounter,HangFire,AggregatedCounter,plataforma,EXCLUDE,,0,Id,39,39,both,,,no,
HangFire.Counter,HangFire__Counter,HangFire,Counter,unclassified,EXCLUDE,,0,Id,0,0,none,,,no,
HangFire.Hash,HangFire__Hash,HangFire,Hash,plataforma,EXCLUDE,,0,Id,51,91,both,,,no,
HangFire.Job,HangFire__Job,HangFire,Job,plataforma,EXCLUDE,,0,Id,75,294,both,,,no,
HangFire.JobParameter,HangFire__JobParameter,HangFire,JobParameter,plataforma,EXCLUDE,,0,Id,200,1039,both,,,no,
HangFire.JobQueue,HangFire__JobQueue,HangFire,JobQueue,unclassified,EXCLUDE,,0,Id,0,0,none,,,no,
HangFire.List,HangFire__List,HangFire,List,unclassified,EXCLUDE,,0,Id,0,0,none,,,no,
HangFire.Schema,HangFire__Schema,HangFire,Schema,plataforma,EXCLUDE,,0,Version,1,1,both,,,no,
HangFire.Server,HangFire__Server,HangFire,Server,plataforma,EXCLUDE,,0,Id,8,8,both,,,no,
HangFire.Set,HangFire__Set,HangFire,Set,plataforma,EXCLUDE,,0,Id,6,10,both,,,no,
HangFire.State,HangFire__State,HangFire,State,plataforma,EXCLUDE,,0,Id,630,6283,both,,,no,
Tasks.ToDo,Tasks__ToDo,Tasks,ToDo,plataforma,EXCLUDE,,0,Id,0,0,none,,,no,
audit.AuditLogs,audit__AuditLogs,audit,AuditLogs,audit,EXCLUDE,,0,Id,50000,50000,both,,,no,
auth.UserSideBarMenu,auth__UserSideBarMenu,auth,UserSideBarMenu,plataforma,EXCLUDE,,0,UserId|ManagementCycleId,14667,8712,both,,,no,
cache.CONTEXT,cache__CONTEXT,cache,CONTEXT,plataforma,EXCLUDE,,0,,48169,25516,both,,,no,
cache.FILTER,cache__FILTER,cache,FILTER,plataforma,EXCLUDE,,0,,3982,942,both,,,no,
cache.USER_PROFILE,cache__USER_PROFILE,cache,USER_PROFILE,plataforma,EXCLUDE,,0,,8676,4396,both,,,no,
competences.ACAO_SUGERIDA_PDI,competences__ACAO_SUGERIDA_PDI,competences,ACAO_SUGERIDA_PDI,pdi,DIM,DIM_ACAO_SUGERIDA_PDI,0,ID,114,173,both,acao_sugerida_pdi,pdi,yes,
competences.AREA_INTERESSE_MUDANCA_AVALIADO,competences__AREA_INTERESSE_MUDANCA_AVALIADO,competences,AREA_INTERESSE_MUDANCA_AVALIADO,organizacao,DEFER,,0,ID,0,0,none,area_interesse_mudanca_avaliado,organizacao,yes,
competences.AVALIACAO,competences__AVALIACAO,competences,AVALIACAO,avaliacao,DIM,DIM_AVALIACAO_CICLO,0,ID,12,13,both,avaliacao_ciclo,avaliacao,yes,
competences.AVALIADO,competences__AVALIADO,competences,AVALIADO,avaliacao,DIM,DIM_AVALIADO,0,ID,15938,16133,both,avaliado,avaliacao,yes,
competences.AVALIADOR,competences__AVALIADOR,competences,AVALIADOR,avaliacao,FACT,FACT_AVALIADOR,0,ID,47412,33556,both,avaliador,avaliacao,yes,
competences.CALC_RESPOSTA,competences__CALC_RESPOSTA,competences,CALC_RESPOSTA,avaliacao,FACT,FACT_CALC_RESPOSTA,0,ID,50000,50000,both,calc_resposta,avaliacao,yes,
competences.CALC_RESULTADO_AVALIADOR,competences__CALC_RESULTADO_AVALIADOR,competences,CALC_RESULTADO_AVALIADOR,avaliacao,FACT,FACT_CALC_RESULTADO_AVALIADOR,0,ID,42239,25188,both,calc_resultado_avaliador,avaliacao,yes,"tenant_slug, id_avaliador, id_competencia"
competences.CALC_RESULTADO_AVALIADOR_COMPETENCIA,competences__CALC_RESULTADO_AVALIADOR_COMPETENCIA,competences,CALC_RESULTADO_AVALIADOR_COMPETENCIA,avaliacao,FACT,FACT_CALC_RESULTADO_AVALIADOR_COMPETENCIA,0,ID,50000,50000,both,calc_resultado_avaliador_competencia,avaliacao,yes,
competences.CALC_RESULTADO_COLABORADOR_PERFORMANCE,competences__CALC_RESULTADO_COLABORADOR_PERFORMANCE,competences,CALC_RESULTADO_COLABORADOR_PERFORMANCE,avaliacao,FACT,FACT_CALC_RESULTADO_COLABORADOR_PERFORMANCE,0,ID,17221,0,afya,calc_resultado_colaborador_performance,avaliacao,yes,
competences.CALC_RESULTADO_COMPETENCIA,competences__CALC_RESULTADO_COMPETENCIA,competences,CALC_RESULTADO_COMPETENCIA,avaliacao,FACT,FACT_CALC_RESULTADO_COMPETENCIA,0,ID,50000,50000,both,calc_resultado_competencia,avaliacao,yes,
competences.CALC_RESULTADO_FATOR_AVALIACAO,competences__CALC_RESULTADO_FATOR_AVALIACAO,competences,CALC_RESULTADO_FATOR_AVALIACAO,avaliacao,FACT,FACT_CALC_RESULTADO_FATOR_AVALIACAO,0,ID,50000,50000,both,calc_resultado_fator_avaliacao,avaliacao,yes,
competences.CALC_RESULTADO_TIPO_AVALIADOR,competences__CALC_RESULTADO_TIPO_AVALIADOR,competences,CALC_RESULTADO_TIPO_AVALIADOR,avaliacao,FACT,FACT_CALC_RESULTADO_TIPO_AVALIADOR,0,ID,31056,21729,both,calc_resultado_tipo_avaliador,avaliacao,yes,
competences.CATEGORIA_PDI_ACAO,competences__CATEGORIA_PDI_ACAO,competences,CATEGORIA_PDI_ACAO,pdi,DIM,DIM_CATEGORIA_PDI_ACAO,0,ID,14,2,both,categoria_pdi_acao,pdi,yes,
competences.COLABORADOR_FUNCAO,competences__COLABORADOR_FUNCAO,competences,COLABORADOR_FUNCAO,colaborador,BRIDGE,BRG_COLABORADOR_FUNCAO,0,ID,15961,16576,both,colaborador_funcao,colaborador,yes,
competences.COMENTARIO_AVALIADO_NINE_BOX,competences__COMENTARIO_AVALIADO_NINE_BOX,competences,COMENTARIO_AVALIADO_NINE_BOX,avaliacao,FACT,FACT_COMENTARIO_AVALIADO_NINE_BOX,0,ID,1743,0,afya,comentario_avaliado_nine_box,avaliacao,yes,
competences.COMENTARIO_COMPETENCIA,competences__COMENTARIO_COMPETENCIA,competences,COMENTARIO_COMPETENCIA,avaliacao,FACT,FACT_COMENTARIO_COMPETENCIA,0,ID,41080,50000,both,comentario_competencia,avaliacao,yes,
competences.COMPETENCIA,competences__COMPETENCIA,competences,COMPETENCIA,avaliacao,DIM,DIM_COMPETENCIA,0,ID,64,98,both,competencia,avaliacao,yes,
competences.CONSIDERACAO_FINAL,competences__CONSIDERACAO_FINAL,competences,CONSIDERACAO_FINAL,avaliacao,FACT,FACT_CONSIDERACAO_FINAL,0,ID,10078,9370,both,consideracao_final,avaliacao,yes,
competences.CURVA_PONTUACAO_AVALIACAO,competences__CURVA_PONTUACAO_AVALIACAO,competences,CURVA_PONTUACAO_AVALIACAO,avaliacao,DIM,DIM_CURVA_PONTUACAO_AVALIACAO,0,ID,416,325,both,curva_pontuacao_avaliacao,avaliacao,yes,
competences.CompetenceTypeComment,competences__CompetenceTypeComment,competences,CompetenceTypeComment,avaliacao,DIM,DIM_COMPETENCE_TYPE_COMMENT,0,Id,0,226,allos,competence_type_comment,avaliacao,yes,
competences.EvaluationCycleCalcResultEvaluated,competences__EvaluationCycleCalcResultEvaluated,competences,EvaluationCycleCalcResultEvaluated,avaliacao,FACT,FACT_EVALUATION_CYCLE_CALC_RESULT_EVALUATED,0,Id,14466,12585,both,evaluation_cycle_calc_result_evaluated,avaliacao,yes,
competences.FAIXA_CLASSIFICACAO_AVALIACAO,competences__FAIXA_CLASSIFICACAO_AVALIACAO,competences,FAIXA_CLASSIFICACAO_AVALIACAO,avaliacao,DIM,DIM_FAIXA_CLASSIFICACAO_AVALIACAO,0,ID,37,65,both,faixa_classificacao_avaliacao,avaliacao,yes,
competences.FAIXA_CLASSIFICACAO_PERFORMANCE_AVALIACAO,competences__FAIXA_CLASSIFICACAO_PERFORMANCE_AVALIACAO,competences,FAIXA_CLASSIFICACAO_PERFORMANCE_AVALIACAO,avaliacao,DIM,DIM_FAIXA_CLASSIFICACAO_PERFORMANCE_AVALIACAO,0,ID,36,0,afya,faixa_classificacao_performance_avaliacao,avaliacao,yes,
competences.FATOR_AVALIACAO,competences__FATOR_AVALIACAO,competences,FATOR_AVALIACAO,avaliacao,DIM,DIM_FATOR_AVALIACAO,0,ID,400,112,both,fator_avaliacao,avaliacao,yes,
competences.FORMULARIO_AVALIACAO,competences__FORMULARIO_AVALIACAO,competences,FORMULARIO_AVALIACAO,avaliacao,FACT,FACT_FORMULARIO_AVALIACAO,0,ID,47371,33351,both,formulario_avaliacao,avaliacao,yes,
competences.FUNCAO,competences__FUNCAO,competences,FUNCAO,avaliacao,DIM,DIM_FUNCAO,0,ID,75,128,both,funcao,avaliacao,yes,
competences.FUNCAO_COMPETENCIA,competences__FUNCAO_COMPETENCIA,competences,FUNCAO_COMPETENCIA,avaliacao,FACT,FACT_FUNCAO_COMPETENCIA,0,ID,2150,896,both,funcao_competencia,avaliacao,yes,
competences.FUNCAO_PERGUNTA_LIVRE,competences__FUNCAO_PERGUNTA_LIVRE,competences,FUNCAO_PERGUNTA_LIVRE,avaliacao,FACT,FACT_FUNCAO_PERGUNTA_LIVRE,0,ID,1419,284,both,funcao_pergunta_livre,avaliacao,yes,
competences.IndividualDevelopmentAction,competences__IndividualDevelopmentAction,competences,IndividualDevelopmentAction,pdi,FACT,FACT_INDIVIDUAL_DEVELOPMENT_ACTION,0,Id,10755,10564,both,individual_development_action,pdi,yes,
competences.ItensSenderToReleaseAppraiseesQueue,competences__ItensSenderToReleaseAppraiseesQueue,competences,ItensSenderToReleaseAppraiseesQueue,avaliacao,DEFER,,0,Id,0,0,none,itens_sender_to_release_appraisees_queue,avaliacao,yes,
competences.LOCALIDADE_INTERESSE_MUDANCA_AVALIADO,competences__LOCALIDADE_INTERESSE_MUDANCA_AVALIADO,competences,LOCALIDADE_INTERESSE_MUDANCA_AVALIADO,avaliacao,DEFER,,0,ID,0,0,none,localidade_interesse_mudanca_avaliado,avaliacao,yes,
competences.METODO_CALCULO,competences__METODO_CALCULO,competences,METODO_CALCULO,avaliacao,DIM,DIM_METODO_CALCULO,0,ID,73,131,both,metodo_calculo,avaliacao,yes,
competences.OPCAO_FUNCAO_PERGUNTA_LIVRE,competences__OPCAO_FUNCAO_PERGUNTA_LIVRE,competences,OPCAO_FUNCAO_PERGUNTA_LIVRE,avaliacao,FACT,FACT_OPCAO_FUNCAO_PERGUNTA_LIVRE,0,ID,3898,0,afya,opcao_funcao_pergunta_livre,avaliacao,yes,
competences.PESO_TIPO_AVALIADOR,competences__PESO_TIPO_AVALIADOR,competences,PESO_TIPO_AVALIADOR,avaliacao,DIM,DIM_PESO_TIPO_AVALIADOR,0,ID,61,124,both,peso_tipo_avaliador,avaliacao,yes,
competences.RESPOSTA_AVALIACAO,competences__RESPOSTA_AVALIACAO,competences,RESPOSTA_AVALIACAO,avaliacao,FACT,FACT_RESPOSTA,0,ID,50000,50000,both,resposta,avaliacao,yes,
competences.RESPOSTA_LIVRE_AVALIACAO,competences__RESPOSTA_LIVRE_AVALIACAO,competences,RESPOSTA_LIVRE_AVALIACAO,avaliacao,FACT,FACT_RESPOSTA_LIVRE_AVALIACAO,0,ID,50000,29878,both,resposta_livre_avaliacao,avaliacao,yes,
competences.TIPO_AVALIACAO,competences__TIPO_AVALIACAO,competences,TIPO_AVALIACAO,avaliacao,DIM,DIM_TIPO_AVALIACAO,0,ID,1,1,both,tipo_avaliacao,avaliacao,yes,
competences.TIPO_AVALIADOR,competences__TIPO_AVALIADOR,competences,TIPO_AVALIADOR,avaliacao,DIM,DIM_TIPO_AVALIADOR,0,ID,7,7,both,tipo_avaliador,avaliacao,yes,
competences.TOPICO_PERGUNTA_LIVRE,competences__TOPICO_PERGUNTA_LIVRE,competences,TOPICO_PERGUNTA_LIVRE,avaliacao,DIM,DIM_TOPICO_PERGUNTA_LIVRE,0,ID,1,1,both,topico_pergunta_livre,avaliacao,yes,
competences.settings,competences__settings,competences,settings,avaliacao,DIM,DIM_SETTINGS,0,id,0,1,allos,settings,avaliacao,yes,
core.Label,core__Label,core,Label,plataforma,EXCLUDE,,0,Id,3,4,both,,,no,
core.ThemeSettings,core__ThemeSettings,core,ThemeSettings,plataforma,EXCLUDE,,0,,1,1,both,,,no,
dashboards.AccessLog,dashboards__AccessLog,dashboards,AccessLog,plataforma,EXCLUDE,,0,Id,247,0,afya,,,no,
dashboards.Dashboard,dashboards__Dashboard,dashboards,Dashboard,plataforma,EXCLUDE,,0,Id,6,0,afya,,,no,
dbo.ACAO,dbo__ACAO,dbo,ACAO,acao,FACT,FACT_ACAO,0,ID,1770,24,both,acao,acao,yes,"tenant_slug, id"
dbo.ACAO_BOOK,dbo__ACAO_BOOK,dbo,ACAO_BOOK,unclassified,DEFER,,0,ID,0,0,none,,,no,
dbo.ADMINISTRADOR_LOCAL,dbo__ADMINISTRADOR_LOCAL,dbo,ADMINISTRADOR_LOCAL,colaborador,DIM,DIM_ADMINISTRADOR_LOCAL,0,ID,0,13,allos,administrador_local,colaborador,yes,
dbo.ADMINISTRADOR_LOCAL_FILIAL,dbo__ADMINISTRADOR_LOCAL_FILIAL,dbo,ADMINISTRADOR_LOCAL_FILIAL,organizacao,DIM,DIM_ADMINISTRADOR_LOCAL_FILIAL,0,ID,0,133,allos,administrador_local_filial,organizacao,yes,
dbo.ANEXO_ACAO,dbo__ANEXO_ACAO,dbo,ANEXO_ACAO,acao,FACT,FACT_ANEXO_ACAO,0,ID,2037,0,afya,anexo_acao,acao,yes,
dbo.ANEXO_AVALIACAO,dbo__ANEXO_AVALIACAO,dbo,ANEXO_AVALIACAO,unclassified,DEFER,,0,ID,0,0,none,,,no,
dbo.ANEXO_QUICK_MEETING,dbo__ANEXO_QUICK_MEETING,dbo,ANEXO_QUICK_MEETING,unclassified,DEFER,,0,ID,0,0,none,,,no,
dbo.ANEXO_REUNIAO,dbo__ANEXO_REUNIAO,dbo,ANEXO_REUNIAO,acao,DEFER,,0,ID,0,0,none,anexo_reuniao,acao,yes,
dbo.API_CONFIG,dbo__API_CONFIG,dbo,API_CONFIG,plataforma,EXCLUDE,,0,ID,3,3,both,,,no,
dbo.AREA,dbo__AREA,dbo,AREA,organizacao,DIM,DIM_AREA,0,ID,34632,2135,both,area,organizacao,yes,
dbo.AREA_BOOK,dbo__AREA_BOOK,dbo,AREA_BOOK,metricas,DEFER,,0,ID,0,0,none,area_book,metricas,yes,
dbo.AREA_FORUM_SUCESSAO,dbo__AREA_FORUM_SUCESSAO,dbo,AREA_FORUM_SUCESSAO,organizacao,DIM,DIM_AREA_FORUM_SUCESSAO,0,ID,1,0,afya,area_forum_sucessao,organizacao,yes,
dbo.AUDIT_ACAO,dbo__AUDIT_ACAO,dbo,AUDIT_ACAO,audit,EXCLUDE,,0,,19896,150,both,,,no,
dbo.AUDIT_AREA,dbo__AUDIT_AREA,dbo,AUDIT_AREA,audit,EXCLUDE,,0,,50000,45200,both,,,no,
dbo.AUDIT_AREA_HISTORY,dbo__AUDIT_AREA_HISTORY,dbo,AUDIT_AREA_HISTORY,audit,EXCLUDE,,0,,10,295,both,,,no,
dbo.AUDIT_AVALIACAO,dbo__AUDIT_AVALIACAO,dbo,AUDIT_AVALIACAO,unclassified,EXCLUDE,,0,,0,0,none,,,no,
dbo.AUDIT_AVALIADO,dbo__AUDIT_AVALIADO,dbo,AUDIT_AVALIADO,unclassified,EXCLUDE,,0,,0,0,none,,,no,
dbo.AUDIT_AVALIADOR,dbo__AUDIT_AVALIADOR,dbo,AUDIT_AVALIADOR,unclassified,EXCLUDE,,0,,0,0,none,,,no,
dbo.AUDIT_CALC_RESPOSTA,dbo__AUDIT_CALC_RESPOSTA,dbo,AUDIT_CALC_RESPOSTA,unclassified,EXCLUDE,,0,,0,0,none,,,no,
dbo.AUDIT_CALC_RESULTADO_AVALIADOR,dbo__AUDIT_CALC_RESULTADO_AVALIADOR,dbo,AUDIT_CALC_RESULTADO_AVALIADOR,unclassified,EXCLUDE,,0,,0,0,none,,,no,
dbo.AUDIT_CALC_RESULTADO_AVALIADOR_TIPO_COMPETENCIA,dbo__AUDIT_CALC_RESULTADO_AVALIADOR_TIPO_COMPETENCIA,dbo,AUDIT_CALC_RESULTADO_AVALIADOR_TIPO_COMPETENCIA,unclassified,EXCLUDE,,0,,0,0,none,,,no,
dbo.AUDIT_CALC_RESULTADO_COLABORADOR,dbo__AUDIT_CALC_RESULTADO_COLABORADOR,dbo,AUDIT_CALC_RESULTADO_COLABORADOR,unclassified,EXCLUDE,,0,,0,0,none,,,no,
dbo.AUDIT_CALC_RESULTADO_COMPETENCIA,dbo__AUDIT_CALC_RESULTADO_COMPETENCIA,dbo,AUDIT_CALC_RESULTADO_COMPETENCIA,unclassified,EXCLUDE,,0,,0,0,none,,,no,
dbo.AUDIT_CALC_RESULTADO_FATOR_AVALIACAO,dbo__AUDIT_CALC_RESULTADO_FATOR_AVALIACAO,dbo,AUDIT_CALC_RESULTADO_FATOR_AVALIACAO,unclassified,EXCLUDE,,0,,0,0,none,,,no,
dbo.AUDIT_CALC_RESULTADO_TIPO_AVALIADOR,dbo__AUDIT_CALC_RESULTADO_TIPO_AVALIADOR,dbo,AUDIT_CALC_RESULTADO_TIPO_AVALIADOR,unclassified,EXCLUDE,,0,,0,0,none,,,no,
dbo.AUDIT_CALC_RESULTADO_TIPO_AVALIADOR_TIPO_COMPETENCIA,dbo__AUDIT_CALC_RESULTADO_TIPO_AVALIADOR_TIPO_COMPETENCIA,dbo,AUDIT_CALC_RESULTADO_TIPO_AVALIADOR_TIPO_COMPETENCIA,unclassified,EXCLUDE,,0,,0,0,none,,,no,
dbo.AUDIT_CALIBRADOS_PERFORMANCE,dbo__AUDIT_CALIBRADOS_PERFORMANCE,dbo,AUDIT_CALIBRADOS_PERFORMANCE,unclassified,EXCLUDE,,0,,0,0,none,,,no,
dbo.AUDIT_COLABORADOR,dbo__AUDIT_COLABORADOR,dbo,AUDIT_COLABORADOR,audit,EXCLUDE,,0,,50000,50000,both,,,no,
dbo.AUDIT_COLABORADOR_AREA,dbo__AUDIT_COLABORADOR_AREA,dbo,AUDIT_COLABORADOR_AREA,audit,EXCLUDE,,0,,50000,50000,both,,,no,
dbo.AUDIT_COLABORADOR_FUNCAO,dbo__AUDIT_COLABORADOR_FUNCAO,dbo,AUDIT_COLABORADOR_FUNCAO,audit,EXCLUDE,,0,,132,11638,both,,,no,
dbo.AUDIT_COMPETENCIA,dbo__AUDIT_COMPETENCIA,dbo,AUDIT_COMPETENCIA,unclassified,EXCLUDE,,0,,0,0,none,,,no,
dbo.AUDIT_CONSIDERACAO_FINAL,dbo__AUDIT_CONSIDERACAO_FINAL,dbo,AUDIT_CONSIDERACAO_FINAL,unclassified,EXCLUDE,,0,,0,0,none,,,no,
dbo.AUDIT_COTACAO_MOEDA,dbo__AUDIT_COTACAO_MOEDA,dbo,AUDIT_COTACAO_MOEDA,unclassified,EXCLUDE,,0,,0,0,none,,,no,
dbo.AUDIT_COTACAO_MOEDA_ITEM,dbo__AUDIT_COTACAO_MOEDA_ITEM,dbo,AUDIT_COTACAO_MOEDA_ITEM,unclassified,EXCLUDE,,0,,0,0,none,,,no,
dbo.AUDIT_CURVA_PONTUACAO,dbo__AUDIT_CURVA_PONTUACAO,dbo,AUDIT_CURVA_PONTUACAO,unclassified,EXCLUDE,,0,,0,0,none,,,no,
dbo.AUDIT_CURVA_PONTUACAO_AVALIACAO,dbo__AUDIT_CURVA_PONTUACAO_AVALIACAO,dbo,AUDIT_CURVA_PONTUACAO_AVALIACAO,unclassified,EXCLUDE,,0,,0,0,none,,,no,
dbo.AUDIT_CURVA_PREMIACAO,dbo__AUDIT_CURVA_PREMIACAO,dbo,AUDIT_CURVA_PREMIACAO,audit,EXCLUDE,,0,,90,54,both,,,no,
dbo.AUDIT_DIRETRIZ,dbo__AUDIT_DIRETRIZ,dbo,AUDIT_DIRETRIZ,audit,EXCLUDE,,0,,675,27,both,,,no,
dbo.AUDIT_EMPLOYEEACCESSGROUP,dbo__AUDIT_EMPLOYEEACCESSGROUP,dbo,AUDIT_EMPLOYEEACCESSGROUP,audit,EXCLUDE,,0,,676,8390,both,,,no,
dbo.AUDIT_FAIXA_CLASSIFICACAO,dbo__AUDIT_FAIXA_CLASSIFICACAO,dbo,AUDIT_FAIXA_CLASSIFICACAO,unclassified,EXCLUDE,,0,,0,0,none,,,no,
dbo.AUDIT_FAIXA_CLASSIFICACAO_AVALIACAO,dbo__AUDIT_FAIXA_CLASSIFICACAO_AVALIACAO,dbo,AUDIT_FAIXA_CLASSIFICACAO_AVALIACAO,unclassified,EXCLUDE,,0,,0,0,none,,,no,
dbo.AUDIT_FAIXA_CLASSIFICACAO_PERFORMANCE,dbo__AUDIT_FAIXA_CLASSIFICACAO_PERFORMANCE,dbo,AUDIT_FAIXA_CLASSIFICACAO_PERFORMANCE,unclassified,EXCLUDE,,0,,0,0,none,,,no,
dbo.AUDIT_FAIXA_CLASSIFICACAO_PERFORMANCE_AVALIACAO,dbo__AUDIT_FAIXA_CLASSIFICACAO_PERFORMANCE_AVALIACAO,dbo,AUDIT_FAIXA_CLASSIFICACAO_PERFORMANCE_AVALIACAO,unclassified,EXCLUDE,,0,,0,0,none,,,no,
dbo.AUDIT_FAIXA_FAROL,dbo__AUDIT_FAIXA_FAROL,dbo,AUDIT_FAIXA_FAROL,audit,EXCLUDE,,0,,16,82,both,,,no,
dbo.AUDIT_FAIXA_FAROL_ITEM,dbo__AUDIT_FAIXA_FAROL_ITEM,dbo,AUDIT_FAIXA_FAROL_ITEM,audit,EXCLUDE,,0,,63,274,both,,,no,
dbo.AUDIT_FATOR_AVALIACAO,dbo__AUDIT_FATOR_AVALIACAO,dbo,AUDIT_FATOR_AVALIACAO,unclassified,EXCLUDE,,0,,0,0,none,,,no,
dbo.AUDIT_FILIAL,dbo__AUDIT_FILIAL,dbo,AUDIT_FILIAL,audit,EXCLUDE,,0,,101,286,both,,,no,
dbo.AUDIT_FUNCAO,dbo__AUDIT_FUNCAO,dbo,AUDIT_FUNCAO,unclassified,EXCLUDE,,0,,0,0,none,,,no,
dbo.AUDIT_FUNCAO_COMPETENCIA,dbo__AUDIT_FUNCAO_COMPETENCIA,dbo,AUDIT_FUNCAO_COMPETENCIA,audit,EXCLUDE,,0,,665,1670,both,,,no,
dbo.AUDIT_FUNCAO_PERGUNTA_LIVRE,dbo__AUDIT_FUNCAO_PERGUNTA_LIVRE,dbo,AUDIT_FUNCAO_PERGUNTA_LIVRE,audit,EXCLUDE,,0,,2612,340,both,,,no,
dbo.AUDIT_GRANDEZA,dbo__AUDIT_GRANDEZA,dbo,AUDIT_GRANDEZA,audit,EXCLUDE,,0,,18,18,both,,,no,
dbo.AUDIT_GRUPO_INDICADOR,dbo__AUDIT_GRUPO_INDICADOR,dbo,AUDIT_GRUPO_INDICADOR,unclassified,EXCLUDE,,0,,0,0,none,,,no,
dbo.AUDIT_HISTORICO_CARGO,dbo__AUDIT_HISTORICO_CARGO,dbo,AUDIT_HISTORICO_CARGO,audit,EXCLUDE,,0,,50000,37865,both,,,no,
dbo.AUDIT_HISTORICO_PDI,dbo__AUDIT_HISTORICO_PDI,dbo,AUDIT_HISTORICO_PDI,unclassified,EXCLUDE,,0,,0,0,none,,,no,
dbo.AUDIT_INDICADOR,dbo__AUDIT_INDICADOR,dbo,AUDIT_INDICADOR,audit,EXCLUDE,,0,,170,2958,both,,,no,
dbo.AUDIT_INSTANCIA,dbo__AUDIT_INSTANCIA,dbo,AUDIT_INSTANCIA,unclassified,EXCLUDE,,0,,0,0,none,,,no,
dbo.AUDIT_INSTANCIA_CALIBRADOS,dbo__AUDIT_INSTANCIA_CALIBRADOS,dbo,AUDIT_INSTANCIA_CALIBRADOS,unclassified,EXCLUDE,,0,,0,0,none,,,no,
dbo.AUDIT_INSTANCIA_CALIBRADOS_PERFORMANCE,dbo__AUDIT_INSTANCIA_CALIBRADOS_PERFORMANCE,dbo,AUDIT_INSTANCIA_CALIBRADOS_PERFORMANCE,unclassified,EXCLUDE,,0,,0,0,none,,,no,
dbo.AUDIT_INSTANCIA_COMITE,dbo__AUDIT_INSTANCIA_COMITE,dbo,AUDIT_INSTANCIA_COMITE,unclassified,EXCLUDE,,0,,0,0,none,,,no,
dbo.AUDIT_MARCADOR_ACAO,dbo__AUDIT_MARCADOR_ACAO,dbo,AUDIT_MARCADOR_ACAO,unclassified,EXCLUDE,,0,,0,0,none,,,no,
dbo.AUDIT_META,dbo__AUDIT_META,dbo,AUDIT_META,audit,EXCLUDE,,0,,50000,50000,both,,,no,
dbo.AUDIT_NINE_BOX,dbo__AUDIT_NINE_BOX,dbo,AUDIT_NINE_BOX,unclassified,EXCLUDE,,0,,0,0,none,,,no,
dbo.AUDIT_NINE_BOX_CALIBRADOS,dbo__AUDIT_NINE_BOX_CALIBRADOS,dbo,AUDIT_NINE_BOX_CALIBRADOS,unclassified,EXCLUDE,,0,,0,0,none,,,no,
dbo.AUDIT_NOTA_META,dbo__AUDIT_NOTA_META,dbo,AUDIT_NOTA_META,audit,EXCLUDE,,0,,23415,50000,both,,,no,
dbo.AUDIT_PDI,dbo__AUDIT_PDI,dbo,AUDIT_PDI,unclassified,EXCLUDE,,0,,0,0,none,,,no,
dbo.AUDIT_PERIODO_APURACAO,dbo__AUDIT_PERIODO_APURACAO,dbo,AUDIT_PERIODO_APURACAO,audit,EXCLUDE,,0,,335,148,both,,,no,
dbo.AUDIT_PERIODO_GESTAO,dbo__AUDIT_PERIODO_GESTAO,dbo,AUDIT_PERIODO_GESTAO,audit,EXCLUDE,,0,,158,177,both,,,no,
dbo.AUDIT_PSW_COLABORADOR,dbo__AUDIT_PSW_COLABORADOR,dbo,AUDIT_PSW_COLABORADOR,audit,EXCLUDE,,0,,12518,10063,both,,,no,
dbo.AUDIT_QUADRANTES_MATRIZ_TALENTOS,dbo__AUDIT_QUADRANTES_MATRIZ_TALENTOS,dbo,AUDIT_QUADRANTES_MATRIZ_TALENTOS,unclassified,EXCLUDE,,0,,0,0,none,,,no,
dbo.AUDIT_RESPOSTA_AVALIACAO,dbo__AUDIT_RESPOSTA_AVALIACAO,dbo,AUDIT_RESPOSTA_AVALIACAO,unclassified,EXCLUDE,,0,,0,0,none,,,no,
dbo.AUDIT_RESPOSTA_LIVRE_AVALIACAO,dbo__AUDIT_RESPOSTA_LIVRE_AVALIACAO,dbo,AUDIT_RESPOSTA_LIVRE_AVALIACAO,unclassified,EXCLUDE,,0,,0,0,none,,,no,
dbo.AUDIT_SYSTEM_CONFIG,dbo__AUDIT_SYSTEM_CONFIG,dbo,AUDIT_SYSTEM_CONFIG,audit,EXCLUDE,,0,,55,61,both,,,no,
dbo.AUDIT_TERMO_ACEITE_ASSINATURA,dbo__AUDIT_TERMO_ACEITE_ASSINATURA,dbo,AUDIT_TERMO_ACEITE_ASSINATURA,audit,EXCLUDE,,0,,50000,50000,both,,,no,
dbo.AUDIT_TIPO_AVALIACAO,dbo__AUDIT_TIPO_AVALIACAO,dbo,AUDIT_TIPO_AVALIACAO,unclassified,EXCLUDE,,0,,0,0,none,,,no,
dbo.AUDIT_UNIDADE_MEDIDA,dbo__AUDIT_UNIDADE_MEDIDA,dbo,AUDIT_UNIDADE_MEDIDA,audit,EXCLUDE,,0,,72,199,both,,,no,
dbo.AUDIT_VALOR_META,dbo__AUDIT_VALOR_META,dbo,AUDIT_VALOR_META,audit,EXCLUDE,,0,,50000,50000,both,,,no,
dbo.AVALIACAO_CONTINUA,dbo__AVALIACAO_CONTINUA,dbo,AVALIACAO_CONTINUA,avaliacao,DEFER,,0,Id,0,0,none,avaliacao_continua,avaliacao,yes,
dbo.AVALIADOR_FORUM,dbo__AVALIADOR_FORUM,dbo,AVALIADOR_FORUM,colaborador,FACT,FACT_AVALIADOR_FORUM,0,ID,5449,0,afya,avaliador_forum,colaborador,yes,
dbo.AVALIADOR_FORUM_SUCESSAO,dbo__AVALIADOR_FORUM_SUCESSAO,dbo,AVALIADOR_FORUM_SUCESSAO,colaborador,DIM,DIM_AVALIADOR_FORUM_SUCESSAO,0,ID,1,0,afya,avaliador_forum_sucessao,colaborador,yes,
dbo.AVALIADO_SUCESSAO,dbo__AVALIADO_SUCESSAO,dbo,AVALIADO_SUCESSAO,colaborador,DIM,DIM_AVALIADO_SUCESSAO,0,ID,1,0,afya,avaliado_sucessao,colaborador,yes,
dbo.AbpEntityChangeSets,dbo__AbpEntityChangeSets,dbo,AbpEntityChangeSets,plataforma,EXCLUDE,,0,Id,50000,50000,both,,,no,
dbo.AbpEntityChanges,dbo__AbpEntityChanges,dbo,AbpEntityChanges,plataforma,EXCLUDE,,0,Id,50000,50000,both,,,no,
dbo.AbpEntityPropertyChanges,dbo__AbpEntityPropertyChanges,dbo,AbpEntityPropertyChanges,plataforma,EXCLUDE,,0,Id,50000,50000,both,,,no,
dbo.AbpSettings,dbo__AbpSettings,dbo,AbpSettings,plataforma,EXCLUDE,,0,Id,8690,4475,both,,,no,
dbo.Absence,dbo__Absence,dbo,Absence,colaborador,DEFER,,0,Id,0,0,none,absence,colaborador,yes,
dbo.AcceptAgreementHistory,dbo__AcceptAgreementHistory,dbo,AcceptAgreementHistory,colaborador,FACT,FACT_ACCEPT_AGREEMENT_HISTORY,0,Id,31098,1913,both,accept_agreement_history,colaborador,yes,
dbo.AcceptAgreementSignatureAttachment,dbo__AcceptAgreementSignatureAttachment,dbo,AcceptAgreementSignatureAttachment,colaborador,DIM,DIM_ACCEPT_AGREEMENT_SIGNATURE_ATTACHMENT,0,Id,1,0,afya,accept_agreement_signature_attachment,colaborador,yes,
dbo.ActionBase,dbo__ActionBase,dbo,ActionBase,acao,FACT,FACT_ACTION_BASE,0,Id,10762,10592,both,action_base,acao,yes,
dbo.ActionBaseAttachment,dbo__ActionBaseAttachment,dbo,ActionBaseAttachment,unclassified,DEFER,,0,Id,0,0,none,,,no,
dbo.ActionBaseLabel,dbo__ActionBaseLabel,dbo,ActionBaseLabel,acao,DIM,DIM_ACTION_BASE_LABEL,0,ActionBase_Id|Label_Id,28,0,afya,action_base_label,acao,yes,
dbo.ActionCategoryCompetence,dbo__ActionCategoryCompetence,dbo,ActionCategoryCompetence,unclassified,DEFER,,0,ActionCategory_Id|Competence_Id,0,0,none,,,no,
dbo.ActionEffectiveness,dbo__ActionEffectiveness,dbo,ActionEffectiveness,unclassified,DEFER,,0,Id,0,0,none,,,no,
dbo.ActionVote,dbo__ActionVote,dbo,ActionVote,unclassified,DEFER,,0,Id,0,0,none,,,no,
dbo.ActivityHistory,dbo__ActivityHistory,dbo,ActivityHistory,colaborador,FACT,FACT_ACTIVITY_HISTORY,0,Id,5667,21,both,activity_history,colaborador,yes,
dbo.Addon,dbo__Addon,dbo,Addon,plataforma,EXCLUDE,,0,Id,1,1,both,,,no,
dbo.AdminPasswordResetToken,dbo__AdminPasswordResetToken,dbo,AdminPasswordResetToken,plataforma,EXCLUDE,,0,,0,13,allos,,,no,
dbo.AdvancePaymentConfig,dbo__AdvancePaymentConfig,dbo,AdvancePaymentConfig,metricas,DEFER,,0,Id,0,0,none,advance_payment_config,metricas,yes,
dbo.AreaHistory,dbo__AreaHistory,dbo,AreaHistory,organizacao,FACT,FACT_AREA_HISTORY,0,Id,11579,11037,both,area_history,organizacao,yes,
dbo.AreaHistoryConfig,dbo__AreaHistoryConfig,dbo,AreaHistoryConfig,metricas,DIM,DIM_AREA_HISTORY_CONFIG,0,Id,1,0,afya,area_history_config,metricas,yes,
dbo.AreaScoreRV,dbo__AreaScoreRV,dbo,AreaScoreRV,unclassified,DEFER,,0,Id,0,0,none,,,no,
dbo.AreasGroup,dbo__AreasGroup,dbo,AreasGroup,metricas,DEFER,,0,Id,0,0,none,areas_group,metricas,yes,
dbo.AreasGroupItem,dbo__AreasGroupItem,dbo,AreasGroupItem,organizacao,DEFER,,0,Id,0,0,none,areas_group_item,organizacao,yes,
dbo.AreasGroupScoreAreasMemoryRV,dbo__AreasGroupScoreAreasMemoryRV,dbo,AreasGroupScoreAreasMemoryRV,unclassified,DEFER,,0,Id,0,0,none,,,no,
dbo.AreasGroupScoreRV,dbo__AreasGroupScoreRV,dbo,AreasGroupScoreRV,unclassified,DEFER,,0,Id,0,0,none,,,no,
dbo.ArvoreMembrosQuebra,dbo__ArvoreMembrosQuebra,dbo,ArvoreMembrosQuebra,metricas,DEFER,,0,,0,0,none,arvore_membros_quebra,metricas,yes,
dbo.AspNetPreviousPassword,dbo__AspNetPreviousPassword,dbo,AspNetPreviousPassword,plataforma,EXCLUDE,,0,PasswordHash|UserId,679,1260,both,,,no,
dbo.AspNetRoles,dbo__AspNetRoles,dbo,AspNetRoles,unclassified,EXCLUDE,,0,Id,0,0,none,,,no,
dbo.AspNetUserClaims,dbo__AspNetUserClaims,dbo,AspNetUserClaims,unclassified,EXCLUDE,,0,Id,0,0,none,,,no,
dbo.AspNetUserLogins,dbo__AspNetUserLogins,dbo,AspNetUserLogins,unclassified,EXCLUDE,,0,LoginProvider|ProviderKey|UserId,0,0,none,,,no,
dbo.AspNetUserRoles,dbo__AspNetUserRoles,dbo,AspNetUserRoles,unclassified,EXCLUDE,,0,UserId|RoleId,0,0,none,,,no,
dbo.AspNetUsers,dbo__AspNetUsers,dbo,AspNetUsers,plataforma,EXCLUDE,,0,Id,12396,8308,both,,,no,
dbo.BIBLIOTECA,dbo__BIBLIOTECA,dbo,BIBLIOTECA,pdi,DIM,DIM_BIBLIOTECA,0,ID,1,1,both,biblioteca,pdi,yes,
dbo.BKP_ACAO,dbo__BKP_ACAO,dbo,BKP_ACAO,unclassified,DEFER,,0,,0,0,none,,,no,
dbo.BKP_ACAO2,dbo__BKP_ACAO2,dbo,BKP_ACAO2,unclassified,DEFER,,0,,0,0,none,,,no,
dbo.BOOK,dbo__BOOK,dbo,BOOK,organizacao,DEFER,,0,ID,0,0,none,book,organizacao,yes,
dbo.BackgroundJobManagement,dbo__BackgroundJobManagement,dbo,BackgroundJobManagement,plataforma,EXCLUDE,,0,Id,1933,4118,both,,,no,
dbo.Breakdown,dbo__Breakdown,dbo,Breakdown,unclassified,DEFER,,0,Id,0,0,none,,,no,
dbo.BreakdownValue,dbo__BreakdownValue,dbo,BreakdownValue,unclassified,DEFER,,0,Id,0,0,none,,,no,
dbo.BreakdownValueOption,dbo__BreakdownValueOption,dbo,BreakdownValueOption,unclassified,DEFER,,0,Id,0,0,none,,,no,
dbo.BrfGoalSyncLog,dbo__BrfGoalSyncLog,dbo,BrfGoalSyncLog,unclassified,DEFER,,0,Id,0,0,none,,,no,
dbo.CALCULO_MANUAL_PERFORMANCE,dbo__CALCULO_MANUAL_PERFORMANCE,dbo,CALCULO_MANUAL_PERFORMANCE,unclassified,DEFER,,0,ID,0,0,none,,,no,
dbo.CALC_RESULTADO_AVALIADOR_TIPO_COMPETENCIA,dbo__CALC_RESULTADO_AVALIADOR_TIPO_COMPETENCIA,dbo,CALC_RESULTADO_AVALIADOR_TIPO_COMPETENCIA,avaliacao,DEFER,,0,ID,0,0,none,calc_resultado_avaliador_tipo_competencia,avaliacao,yes,
dbo.CALC_RESULTADO_IMPACTO,dbo__CALC_RESULTADO_IMPACTO,dbo,CALC_RESULTADO_IMPACTO,avaliacao,DEFER,,0,ID,0,0,none,calc_resultado_impacto,avaliacao,yes,
dbo.CALC_RESULTADO_POTENCIAL,dbo__CALC_RESULTADO_POTENCIAL,dbo,CALC_RESULTADO_POTENCIAL,unclassified,DEFER,,0,ID,0,0,none,,,no,
dbo.CALC_RESULTADO_PROJETO,dbo__CALC_RESULTADO_PROJETO,dbo,CALC_RESULTADO_PROJETO,unclassified,DEFER,,0,ID,0,0,none,,,no,
dbo.CALC_RESULTADO_RISCO,dbo__CALC_RESULTADO_RISCO,dbo,CALC_RESULTADO_RISCO,avaliacao,DEFER,,0,ID,0,0,none,calc_resultado_risco,avaliacao,yes,
dbo.CALC_RESULTADO_TIPO_AVALIADOR_TIPO_COMPETENCIA,dbo__CALC_RESULTADO_TIPO_AVALIADOR_TIPO_COMPETENCIA,dbo,CALC_RESULTADO_TIPO_AVALIADOR_TIPO_COMPETENCIA,avaliacao,DEFER,,0,ID,0,0,none,calc_resultado_tipo_avaliador_tipo_competencia,avaliacao,yes,
dbo.CALENDARIO_EVENTO,dbo__CALENDARIO_EVENTO,dbo,CALENDARIO_EVENTO,unclassified,DEFER,,0,ID,0,0,none,,,no,
dbo.CALIBRADOS_PERFORMANCE,dbo__CALIBRADOS_PERFORMANCE,dbo,CALIBRADOS_PERFORMANCE,avaliacao,DEFER,,0,,0,0,none,calibrados_performance,avaliacao,yes,
dbo.CARGO,dbo__CARGO,dbo,CARGO,organizacao,DIM,DIM_CARGO,0,ID,50000,41,both,cargo,organizacao,yes,
dbo.CATCH_BALL,dbo__CATCH_BALL,dbo,CATCH_BALL,acao,DIM,DIM_CATCH_BALL,0,ID,0,1,allos,catch_ball,acao,yes,
dbo.CATCH_BALL_BOOK,dbo__CATCH_BALL_BOOK,dbo,CATCH_BALL_BOOK,unclassified,DEFER,,0,ID,0,0,none,,,no,
dbo.CAUSA,dbo__CAUSA,dbo,CAUSA,acao,DIM,DIM_CAUSA,0,ID,23,2,both,causa,acao,yes,
dbo.CAUSA_BOOK,dbo__CAUSA_BOOK,dbo,CAUSA_BOOK,unclassified,DEFER,,0,ID,0,0,none,,,no,
dbo.CODE_GENERATOR,dbo__CODE_GENERATOR,dbo,CODE_GENERATOR,metricas,DIM,DIM_CODE_GENERATOR,0,Id,17,26,both,code_generator,metricas,yes,
dbo.COLABORADOR,dbo__COLABORADOR,dbo,COLABORADOR,colaborador,DIM,DIM_PESSOA,0,ID,12408,8765,both,pessoa,colaborador,yes,
dbo.COLABORADOR_AREA,dbo__COLABORADOR_AREA,dbo,COLABORADOR_AREA,colaborador,BRIDGE,BRG_VINCULO_AREA,0,ID,34206,20593,both,vinculo_area,colaborador,yes,
dbo.COLABORADOR_DATA_EXTRACT,dbo__COLABORADOR_DATA_EXTRACT,dbo,COLABORADOR_DATA_EXTRACT,colaborador,DEFER,,0,,0,0,none,colaborador_data_extract,colaborador,yes,
dbo.COLABORADOR_SCORE,dbo__COLABORADOR_SCORE,dbo,COLABORADOR_SCORE,metricas,DEFER,,0,ID,0,0,none,colaborador_score,metricas,yes,
dbo.COMENTARIO,dbo__COMENTARIO,dbo,COMENTARIO,unclassified,DEFER,,0,ID,0,0,none,,,no,
dbo.COMENTARIO_AVALIADO_FORUM_SUCESSAO,dbo__COMENTARIO_AVALIADO_FORUM_SUCESSAO,dbo,COMENTARIO_AVALIADO_FORUM_SUCESSAO,avaliacao,DEFER,,0,ID,0,0,none,comentario_avaliado_forum_sucessao,avaliacao,yes,
dbo.COMPORTAMENTO,dbo__COMPORTAMENTO,dbo,COMPORTAMENTO,unclassified,DEFER,,0,ID,0,0,none,,,no,
dbo.CONFIGURACOES_GERAIS_FEEDBACK_CONTINUO,dbo__CONFIGURACOES_GERAIS_FEEDBACK_CONTINUO,dbo,CONFIGURACOES_GERAIS_FEEDBACK_CONTINUO,avaliacao,DIM,DIM_CONFIGURACOES_GERAIS_FEEDBACK_CONTINUO,0,ID,1,1,both,configuracoes_gerais_feedback_continuo,avaliacao,yes,
dbo.CONTRAMEDIDA,dbo__CONTRAMEDIDA,dbo,CONTRAMEDIDA,acao,FACT,FACT_CONTRAMEDIDA,0,ID,10748,23356,both,contramedida,acao,yes,
dbo.COTACAO_MOEDA,dbo__COTACAO_MOEDA,dbo,COTACAO_MOEDA,referencia,DEFER,,0,ID,0,0,none,cotacao_moeda,referencia,yes,
dbo.COTACAO_MOEDA_ITEM,dbo__COTACAO_MOEDA_ITEM,dbo,COTACAO_MOEDA_ITEM,remuneracao,DEFER,,0,ID,0,0,none,cotacao_moeda_item,remuneracao,yes,
dbo.CURVA_MULTIPLO,dbo__CURVA_MULTIPLO,dbo,CURVA_MULTIPLO,metricas,DIM,DIM_CURVA_MULTIPLO,0,ID,149,240,both,curva_multiplo,metricas,yes,
dbo.CURVA_PONTUACAO,dbo__CURVA_PONTUACAO,dbo,CURVA_PONTUACAO,metricas,DEFER,,0,ID,0,0,none,curva_pontuacao,metricas,yes,
dbo.CURVA_PREMIACAO,dbo__CURVA_PREMIACAO,dbo,CURVA_PREMIACAO,metricas,DIM,DIM_CURVA_PREMIACAO,0,ID,26,14,both,curva_premiacao,metricas,yes,
dbo.CalibrationGroupDiscretionary,dbo__CalibrationGroupDiscretionary,dbo,CalibrationGroupDiscretionary,metricas,DIM,DIM_CALIBRATION_GROUP_DISCRETIONARY,0,ID,54,0,afya,calibration_group_discretionary,metricas,yes,
dbo.CategoryAnalysis,dbo__CategoryAnalysis,dbo,CategoryAnalysis,metricas,DEFER,,0,Id,0,0,none,category_analysis,metricas,yes,
dbo.CauseAnalysisPermission,dbo__CauseAnalysisPermission,dbo,CauseAnalysisPermission,colaborador,DIM,DIM_CAUSE_ANALYSIS_PERMISSION,0,Id,2,0,afya,cause_analysis_permission,colaborador,yes,
dbo.Certificate,dbo__Certificate,dbo,Certificate,colaborador,DIM,DIM_CERTIFICATE,0,Id,264,57,both,certificate,colaborador,yes,
dbo.CertificateAttachment,dbo__CertificateAttachment,dbo,CertificateAttachment,colaborador,DIM,DIM_CERTIFICATE_ATTACHMENT,0,Id,202,47,both,certificate_attachment,colaborador,yes,
dbo.ChangeHistory,dbo__ChangeHistory,dbo,ChangeHistory,colaborador,DEFER,,0,Id,0,0,none,change_history,colaborador,yes,
dbo.ClassificationImpactOfLoss,dbo__ClassificationImpactOfLoss,dbo,ClassificationImpactOfLoss,sucessao,DEFER,,0,Id,0,0,none,classification_impact_of_loss,sucessao,yes,
dbo.ClassificationRiskOfLoss,dbo__ClassificationRiskOfLoss,dbo,ClassificationRiskOfLoss,sucessao,DEFER,,0,Id,0,0,none,classification_risk_of_loss,sucessao,yes,
dbo.Company,dbo__Company,dbo,Company,organizacao,DIM,DIM_COMPANY,0,Id,151,50,both,company,organizacao,yes,
dbo.ConceptDiscretionary,dbo__ConceptDiscretionary,dbo,ConceptDiscretionary,metricas,DIM,DIM_CONCEPT_DISCRETIONARY,0,Id,0,10,allos,concept_discretionary,metricas,yes,
dbo.ConsentAgreement,dbo__ConsentAgreement,dbo,ConsentAgreement,colaborador,DIM,DIM_CONSENT_AGREEMENT,0,Id,1,1,both,consent_agreement,colaborador,yes,
dbo.Country,dbo__Country,dbo,Country,unclassified,DEFER,,0,Id,0,0,none,,,no,
dbo.CurriculumAttachment,dbo__CurriculumAttachment,dbo,CurriculumAttachment,colaborador,DIM,DIM_CURRICULUM_ATTACHMENT,0,Id,77,16,both,curriculum_attachment,colaborador,yes,
dbo.CustomGradeFormation,dbo__CustomGradeFormation,dbo,CustomGradeFormation,organizacao,DIM,DIM_CUSTOM_GRADE_FORMATION,0,Id,0,72,allos,custom_grade_formation,organizacao,yes,
dbo.CustomMessages,dbo__CustomMessages,dbo,CustomMessages,plataforma,EXCLUDE,,0,Id,15,378,both,,,no,
dbo.CustomerBoundTranslateTag,dbo__CustomerBoundTranslateTag,dbo,CustomerBoundTranslateTag,referencia,REF,REF_CUSTOMER_BOUND_TRANSLATE_TAG,0,Id,49,80,both,customer_bound_translate_tag,referencia,yes,
dbo.DELIBERACAO_FORUM_AVALIADO,dbo__DELIBERACAO_FORUM_AVALIADO,dbo,DELIBERACAO_FORUM_AVALIADO,organizacao,DEFER,,0,ID,0,0,none,deliberacao_forum_avaliado,organizacao,yes,
dbo.DIARIO_DE_BORDO,dbo__DIARIO_DE_BORDO,dbo,DIARIO_DE_BORDO,acao,DEFER,,0,ID,0,0,none,diario_de_bordo,acao,yes,
dbo.DIRETRIZ,dbo__DIRETRIZ,dbo,DIRETRIZ,metricas,DIM,DIM_DIRETRIZ,0,ID,181,11,both,diretriz,metricas,yes,
dbo.DIRETRIZ_BOOK,dbo__DIRETRIZ_BOOK,dbo,DIRETRIZ_BOOK,unclassified,DEFER,,0,ID,0,0,none,,,no,
dbo.DashboardLayoutMatrix,dbo__DashboardLayoutMatrix,dbo,DashboardLayoutMatrix,plataforma,EXCLUDE,,0,Id,5,3,both,,,no,
dbo.DeliberationOption,dbo__DeliberationOption,dbo,DeliberationOption,avaliacao,DEFER,,0,Id,0,0,none,deliberation_option,avaliacao,yes,
dbo.Demand,dbo__Demand,dbo,Demand,colaborador,DEFER,,0,Id,0,0,none,demand,colaborador,yes,
dbo.DemandsParticipants,dbo__DemandsParticipants,dbo,DemandsParticipants,colaborador,DEFER,,0,Demand_Id|Employee_Id,0,0,none,demands_participants,colaborador,yes,
dbo.Dimensao,dbo__Dimensao,dbo,Dimensao,metricas,DEFER,,0,Id,0,0,none,dimensao,metricas,yes,
dbo.DiscretionaryScoreImport,dbo__DiscretionaryScoreImport,dbo,DiscretionaryScoreImport,colaborador,FACT,FACT_DISCRETIONARY_SCORE_IMPORT,0,,4251,9064,both,discretionary_score_import,colaborador,yes,
dbo.Dreams,dbo__Dreams,dbo,Dreams,colaborador,DIM,DIM_DREAMS,0,Id,257,96,both,dreams,colaborador,yes,
dbo.EFETIVIDADE_ACAO,dbo__EFETIVIDADE_ACAO,dbo,EFETIVIDADE_ACAO,acao,DIM,DIM_EFETIVIDADE_ACAO,0,ID,239,2,both,efetividade_acao,acao,yes,
dbo.EMAIL_ENVIADO,dbo__EMAIL_ENVIADO,dbo,EMAIL_ENVIADO,unclassified,DEFER,,0,,0,0,none,,,no,
dbo.EXPRESSAO_CALCULO_META,dbo__EXPRESSAO_CALCULO_META,dbo,EXPRESSAO_CALCULO_META,metricas,FACT,FACT_EXPRESSAO_CALCULO,0,ID,27432,50000,both,expressao_calculo,metricas,yes,
dbo.Education,dbo__Education,dbo,Education,colaborador,FACT,FACT_EDUCATION,0,Id,783,238,both,education,colaborador,yes,
dbo.EducationAttachment,dbo__EducationAttachment,dbo,EducationAttachment,colaborador,DIM,DIM_EDUCATION_ATTACHMENT,0,Id,287,52,both,education_attachment,colaborador,yes,
dbo.EffectivenessEvaluation,dbo__EffectivenessEvaluation,dbo,EffectivenessEvaluation,avaliacao,DEFER,,0,Id,0,0,none,effectiveness_evaluation,avaliacao,yes,
dbo.EligibleDiscretionary,dbo__EligibleDiscretionary,dbo,EligibleDiscretionary,remuneracao,FACT,FACT_ELIGIBLE_DISCRETIONARY,0,Id,4101,3,both,eligible_discretionary,remuneracao,yes,
dbo.EmployeeAccessGroup,dbo__EmployeeAccessGroup,dbo,EmployeeAccessGroup,colaborador,FACT,FACT_EMPLOYEE_ACCESS_GROUP,0,Id,144,5496,both,employee_access_group,colaborador,yes,
dbo.EmployeeAnalyticResult,dbo__EmployeeAnalyticResult,dbo,EmployeeAnalyticResult,remuneracao,FACT,FACT_EMPLOYEE_ANALYTIC_RESULT,0,Id,4090,10254,both,employee_analytic_result,remuneracao,yes,
dbo.EmployeeBranch,dbo__EmployeeBranch,dbo,EmployeeBranch,colaborador,DIM,DIM_EMPLOYEE_BRANCH,0,Id,184,94,both,employee_branch,colaborador,yes,
dbo.EmployeeGuest,dbo__EmployeeGuest,dbo,EmployeeGuest,unclassified,DEFER,,0,Id,0,0,none,,,no,
dbo.EmployeeModifierMonthlyGoal,dbo__EmployeeModifierMonthlyGoal,dbo,EmployeeModifierMonthlyGoal,unclassified,DEFER,,0,Id,0,0,none,,,no,
dbo.EmployeeModifierMonthlyValue,dbo__EmployeeModifierMonthlyValue,dbo,EmployeeModifierMonthlyValue,unclassified,DEFER,,0,Id,0,0,none,,,no,
dbo.EmployeeModifierValue,dbo__EmployeeModifierValue,dbo,EmployeeModifierValue,colaborador,FACT,FACT_EMPLOYEE_MODIFIER_VALUE,0,Id,2052,5019,both,employee_modifier_value,colaborador,yes,
dbo.EvaluationCycleInstance,dbo__EvaluationCycleInstance,dbo,EvaluationCycleInstance,avaliacao,DIM,DIM_EVALUATION_CYCLE_INSTANCE,0,Id,453,0,afya,evaluation_cycle_instance,avaliacao,yes,
dbo.EvaluationCycleInstanceParticipant,dbo__EvaluationCycleInstanceParticipant,dbo,EvaluationCycleInstanceParticipant,avaliacao,FACT,FACT_EVALUATION_CYCLE_INSTANCE_PARTICIPANT,0,Id,14997,0,afya,evaluation_cycle_instance_participant,avaliacao,yes,
dbo.EvaluationCycleQuadrant,dbo__EvaluationCycleQuadrant,dbo,EvaluationCycleQuadrant,avaliacao,DIM,DIM_EVALUATION_CYCLE_QUADRANT,0,Id,111,0,afya,evaluation_cycle_quadrant,avaliacao,yes,
dbo.EvaluationCycleQuadrantPersonalization,dbo__EvaluationCycleQuadrantPersonalization,dbo,EvaluationCycleQuadrantPersonalization,avaliacao,DEFER,,0,Id,0,0,none,evaluation_cycle_quadrant_personalization,avaliacao,yes,
dbo.EvaluationDiscretionary,dbo__EvaluationDiscretionary,dbo,EvaluationDiscretionary,colaborador,FACT,FACT_EVALUATION_DISCRETIONARY,0,Id,4030,3,both,evaluation_discretionary,colaborador,yes,
dbo.ExtractControl,dbo__ExtractControl,dbo,ExtractControl,metricas,DEFER,,0,Id,0,0,none,extract_control,metricas,yes,
dbo.ExtractEmployeeOptions,dbo__ExtractEmployeeOptions,dbo,ExtractEmployeeOptions,remuneracao,DEFER,,0,Id,0,0,none,extract_employee_options,remuneracao,yes,
dbo.ExtractMigration,dbo__ExtractMigration,dbo,ExtractMigration,unclassified,DEFER,,0,Id,0,0,none,,,no,
dbo.FAIXA_CLASSIFICACAO,dbo__FAIXA_CLASSIFICACAO,dbo,FAIXA_CLASSIFICACAO,metricas,DEFER,,0,ID,0,0,none,faixa_classificacao,metricas,yes,
dbo.FAIXA_CLASSIFICACAO_PERFORMANCE,dbo__FAIXA_CLASSIFICACAO_PERFORMANCE,dbo,FAIXA_CLASSIFICACAO_PERFORMANCE,metricas,DEFER,,0,ID,0,0,none,faixa_classificacao_performance,metricas,yes,
dbo.FAIXA_FAROL,dbo__FAIXA_FAROL,dbo,FAIXA_FAROL,metricas,DIM,DIM_FAIXA_FAROL,0,ID,2,2,both,faixa_farol,metricas,yes,
dbo.FAIXA_FAROL_ITEM,dbo__FAIXA_FAROL_ITEM,dbo,FAIXA_FAROL_ITEM,metricas,BRIDGE,BRG_FAIXA_FAROL_ITEM,0,ID,7,6,both,faixa_farol_item,metricas,yes,
dbo.FAROL,dbo__FAROL,dbo,FAROL,metricas,DIM,DIM_FAROL,0,ID,8,8,both,farol,metricas,yes,
dbo.FEEDBACK_CONTINUO,dbo__FEEDBACK_CONTINUO,dbo,FEEDBACK_CONTINUO,avaliacao,DIM,DIM_FEEDBACK_CONTINUO,0,Id,321,14,both,feedback_continuo,avaliacao,yes,
dbo.FILIAL,dbo__FILIAL,dbo,FILIAL,organizacao,DIM,DIM_FILIAL,0,ID,85,94,both,filial,organizacao,yes,
dbo.FORMULARIO,dbo__FORMULARIO,dbo,FORMULARIO,unclassified,DEFER,,0,ID,0,0,none,,,no,
dbo.FORMULARIO_AVALIACAO_ABA,dbo__FORMULARIO_AVALIACAO_ABA,dbo,FORMULARIO_AVALIACAO_ABA,avaliacao,DEFER,,0,ID,0,0,none,formulario_avaliacao_aba,avaliacao,yes,
dbo.FORMULARIO_AVALIACAO_ABA_ITEM,dbo__FORMULARIO_AVALIACAO_ABA_ITEM,dbo,FORMULARIO_AVALIACAO_ABA_ITEM,avaliacao,DEFER,,0,ID,0,0,none,formulario_avaliacao_aba_item,avaliacao,yes,
dbo.FORMULARIO_AVALIACAO_SUCESSAO,dbo__FORMULARIO_AVALIACAO_SUCESSAO,dbo,FORMULARIO_AVALIACAO_SUCESSAO,sucessao,DEFER,,0,ID,0,0,none,formulario_avaliacao_sucessao,sucessao,yes,
dbo.FORMULARIO_FEEDBACK_ABA,dbo__FORMULARIO_FEEDBACK_ABA,dbo,FORMULARIO_FEEDBACK_ABA,avaliacao,DIM,DIM_FORMULARIO_FEEDBACK_ABA,0,ID,0,23,allos,formulario_feedback_aba,avaliacao,yes,
dbo.FORMULARIO_FEEDBACK_ABA_ITEM,dbo__FORMULARIO_FEEDBACK_ABA_ITEM,dbo,FORMULARIO_FEEDBACK_ABA_ITEM,avaliacao,BRIDGE,BRG_FORMULARIO_FEEDBACK_ABA_ITEM,0,ID,0,23,allos,formulario_feedback_aba_item,avaliacao,yes,
dbo.FORUM_CALIBRAGEM_SUCESSAO,dbo__FORUM_CALIBRAGEM_SUCESSAO,dbo,FORUM_CALIBRAGEM_SUCESSAO,sucessao,DIM,DIM_FORUM_CALIBRAGEM_SUCESSAO,0,ID,1,0,afya,forum_calibragem_sucessao,sucessao,yes,
dbo.FORUM_PARTICIPANTE_SUCESSAO,dbo__FORUM_PARTICIPANTE_SUCESSAO,dbo,FORUM_PARTICIPANTE_SUCESSAO,colaborador,BRIDGE,BRG_FORUM_PARTICIPANTE_SUCESSAO,0,ID,1,0,afya,forum_participante_sucessao,colaborador,yes,
dbo.FORUM_QUADRANTE_SUCESSAO_MODELO,dbo__FORUM_QUADRANTE_SUCESSAO_MODELO,dbo,FORUM_QUADRANTE_SUCESSAO_MODELO,sucessao,DIM,DIM_FORUM_QUADRANTE_SUCESSAO_MODELO,0,ID,9,0,afya,forum_quadrante_sucessao_modelo,sucessao,yes,
dbo.FREQUENCIA_ACOMP,dbo__FREQUENCIA_ACOMP,dbo,FREQUENCIA_ACOMP,metricas,DIM,DIM_FREQUENCIA_ACOMP,0,ID,9,9,both,frequencia_acomp,metricas,yes,
dbo.FREQUENCIA_VISUALIZACAO,dbo__FREQUENCIA_VISUALIZACAO,dbo,FREQUENCIA_VISUALIZACAO,metricas,DIM,DIM_FREQUENCIA_VISUALIZACAO,0,ID,13,13,both,frequencia_visualizacao,metricas,yes,
dbo.FUNCAO_AREA,dbo__FUNCAO_AREA,dbo,FUNCAO_AREA,organizacao,DEFER,,0,ID,0,0,none,funcao_area,organizacao,yes,
dbo.FUNCAO_CARGO,dbo__FUNCAO_CARGO,dbo,FUNCAO_CARGO,unclassified,DEFER,,0,ID,0,0,none,,,no,
dbo.FUNCAO_FORUM_SUCESSAO,dbo__FUNCAO_FORUM_SUCESSAO,dbo,FUNCAO_FORUM_SUCESSAO,sucessao,DEFER,,0,ID,0,0,none,funcao_forum_sucessao,sucessao,yes,
dbo.FUNCAO_IMPACTO_SUCESSAO,dbo__FUNCAO_IMPACTO_SUCESSAO,dbo,FUNCAO_IMPACTO_SUCESSAO,sucessao,DEFER,,0,ID,0,0,none,funcao_impacto_sucessao,sucessao,yes,
dbo.FUNCAO_POTENCIAL_SUCESSAO,dbo__FUNCAO_POTENCIAL_SUCESSAO,dbo,FUNCAO_POTENCIAL_SUCESSAO,sucessao,DEFER,,0,ID,0,0,none,funcao_potencial_sucessao,sucessao,yes,
dbo.FUNCAO_RISCO_SUCESSAO,dbo__FUNCAO_RISCO_SUCESSAO,dbo,FUNCAO_RISCO_SUCESSAO,sucessao,DEFER,,0,ID,0,0,none,funcao_risco_sucessao,sucessao,yes,
dbo.FUNCAO_SUCESSAO,dbo__FUNCAO_SUCESSAO,dbo,FUNCAO_SUCESSAO,sucessao,DEFER,,0,ID,0,0,none,funcao_sucessao,sucessao,yes,
dbo.FUNCIONALIDADE,dbo__FUNCIONALIDADE,dbo,FUNCIONALIDADE,plataforma,EXCLUDE,,0,ID,236,236,both,,,no,
dbo.FactorTriggerConfiguration,dbo__FactorTriggerConfiguration,dbo,FactorTriggerConfiguration,metricas,DIM,DIM_FACTOR_TRIGGER_CONFIGURATION,0,Id,0,25,allos,factor_trigger_configuration,metricas,yes,
dbo.FeedbackHistory,dbo__FeedbackHistory,dbo,FeedbackHistory,avaliacao,DIM,DIM_FEEDBACK_HISTORY,0,Id,7,0,afya,feedback_history,avaliacao,yes,
dbo.FeedbackParticipant,dbo__FeedbackParticipant,dbo,FeedbackParticipant,avaliacao,DIM,DIM_FEEDBACK_PARTICIPANT,0,Id,332,16,both,feedback_participant,avaliacao,yes,
dbo.FilePermission,dbo__FilePermission,dbo,FilePermission,unclassified,DEFER,,0,Id,0,0,none,,,no,
dbo.ForumSyncLog,dbo__ForumSyncLog,dbo,ForumSyncLog,colaborador,DEFER,,0,Id,0,0,none,forum_sync_log,colaborador,yes,
dbo.GESTOR_MARCADOR_ACAO,dbo__GESTOR_MARCADOR_ACAO,dbo,GESTOR_MARCADOR_ACAO,acao,DEFER,,0,ID,0,0,none,gestor_marcador_acao,acao,yes,
dbo.GRANDEZA,dbo__GRANDEZA,dbo,GRANDEZA,referencia,REF,REF_GRANDEZA,0,ID,6,6,both,grandeza,referencia,yes,
dbo.GRUPO_CARGO,dbo__GRUPO_CARGO,dbo,GRUPO_CARGO,organizacao,DIM,DIM_GRUPO_CARGO,0,ID,168,1,both,grupo_cargo,organizacao,yes,
dbo.GRUPO_CARGO_AVALIACAO,dbo__GRUPO_CARGO_AVALIACAO,dbo,GRUPO_CARGO_AVALIACAO,avaliacao,DEFER,,0,ID,0,0,none,grupo_cargo_avaliacao,avaliacao,yes,
dbo.GRUPO_FUNCIONALIDADE,dbo__GRUPO_FUNCIONALIDADE,dbo,GRUPO_FUNCIONALIDADE,organizacao,DIM,DIM_GRUPO_FUNCIONALIDADE,0,ID,73,73,both,grupo_funcionalidade,organizacao,yes,
dbo.GRUPO_INDICADOR,dbo__GRUPO_INDICADOR,dbo,GRUPO_INDICADOR,referencia,DEFER,,0,ID,0,0,none,grupo_indicador,referencia,yes,
dbo.GRUPO_INDICADOR_ASSOCIADO,dbo__GRUPO_INDICADOR_ASSOCIADO,dbo,GRUPO_INDICADOR_ASSOCIADO,metricas,DEFER,,0,ID,0,0,none,grupo_indicador_associado,metricas,yes,
dbo.GRUPO_INDICADOR_ASSOCIADO_BOOK,dbo__GRUPO_INDICADOR_ASSOCIADO_BOOK,dbo,GRUPO_INDICADOR_ASSOCIADO_BOOK,unclassified,DEFER,,0,ID,0,0,none,,,no,
dbo.GRUPO_INDICADOR_BOOK,dbo__GRUPO_INDICADOR_BOOK,dbo,GRUPO_INDICADOR_BOOK,unclassified,DEFER,,0,ID,0,0,none,,,no,
dbo.GRUPO_PAGTO,dbo__GRUPO_PAGTO,dbo,GRUPO_PAGTO,metricas,DIM,DIM_GRUPO_PAGTO,0,ID,5,126,both,grupo_pagto,metricas,yes,
dbo.GRUPO_USUARIO,dbo__GRUPO_USUARIO,dbo,GRUPO_USUARIO,organizacao,DIM,DIM_GRUPO_USUARIO,0,ID,14,7,both,grupo_usuario,organizacao,yes,
dbo.Goal,dbo__Goal,dbo,Goal,unclassified,DEFER,,0,Id,0,0,none,,,no,
dbo.GoalAttachment,dbo__GoalAttachment,dbo,GoalAttachment,colaborador,FACT,FACT_GOAL_ATTACHMENT,0,Id,170,1518,both,goal_attachment,colaborador,yes,
dbo.GoalAudit,dbo__GoalAudit,dbo,GoalAudit,organizacao,DEFER,,0,Id,0,0,none,goal_audit,organizacao,yes,
dbo.GoalAuditHistory,dbo__GoalAuditHistory,dbo,GoalAuditHistory,colaborador,DEFER,,0,Id,0,0,none,goal_audit_history,colaborador,yes,
dbo.GoalBookAttachment,dbo__GoalBookAttachment,dbo,GoalBookAttachment,colaborador,DEFER,,0,Id,0,0,none,goal_book_attachment,colaborador,yes,
dbo.GoalCache,dbo__GoalCache,dbo,GoalCache,unclassified,DEFER,,0,Id,0,0,none,,,no,
dbo.GoalCacheQueue,dbo__GoalCacheQueue,dbo,GoalCacheQueue,unclassified,DEFER,,0,Id,0,0,none,,,no,
dbo.GoalDiscussion,dbo__GoalDiscussion,dbo,GoalDiscussion,colaborador,DIM,DIM_GOAL_DISCUSSION,0,Id,16,119,both,goal_discussion,colaborador,yes,
dbo.GoalObservation,dbo__GoalObservation,dbo,GoalObservation,metricas,DEFER,,0,Id,0,0,none,goal_observation,metricas,yes,
dbo.GoalPendencyValueImport,dbo__GoalPendencyValueImport,dbo,GoalPendencyValueImport,metricas,DIM,DIM_GOAL_PENDENCY_VALUE_IMPORT,0,,84,0,afya,goal_pendency_value_import,metricas,yes,
dbo.GoalResponsible,dbo__GoalResponsible,dbo,GoalResponsible,unclassified,DEFER,,0,Id,0,0,none,,,no,
dbo.GoalValue,dbo__GoalValue,dbo,GoalValue,unclassified,DEFER,,0,Id,0,0,none,,,no,
dbo.GoalWorkflow,dbo__GoalWorkflow,dbo,GoalWorkflow,metricas,DIM,DIM_GOAL_WORKFLOW,0,ID,5,6,both,goal_workflow,metricas,yes,
dbo.GoalWorkflowAreaEmployeeApprover,dbo__GoalWorkflowAreaEmployeeApprover,dbo,GoalWorkflowAreaEmployeeApprover,organizacao,DEFER,,0,Id,0,0,none,goal_workflow_area_employee_approver,organizacao,yes,
dbo.GoalWorkflowCustomStep,dbo__GoalWorkflowCustomStep,dbo,GoalWorkflowCustomStep,metricas,DIM,DIM_GOAL_WORKFLOW_CUSTOM_STEP,0,Id,0,2,allos,goal_workflow_custom_step,metricas,yes,
dbo.GoalWorkflowStep,dbo__GoalWorkflowStep,dbo,GoalWorkflowStep,metricas,DIM,DIM_GOAL_WORKFLOW_STEP,0,Id,6,12,both,goal_workflow_step,metricas,yes,
dbo.GroupJobAccessGroup,dbo__GroupJobAccessGroup,dbo,GroupJobAccessGroup,unclassified,DEFER,,0,Id,0,0,none,,,no,
dbo.GroupOfEmployees,dbo__GroupOfEmployees,dbo,GroupOfEmployees,colaborador,DEFER,,0,Id,0,0,none,group_of_employees,colaborador,yes,
dbo.GroupOfEmployeesParticipants,dbo__GroupOfEmployeesParticipants,dbo,GroupOfEmployeesParticipants,colaborador,DEFER,,0,GroupOfEmployees_Id|Employee_Id,0,0,none,group_of_employees_participants,colaborador,yes,
dbo.HISTORICO_CARGO,dbo__HISTORICO_CARGO,dbo,HISTORICO_CARGO,colaborador,FACT,FACT_HISTORICO_CARGO,0,ID,2149,9891,both,historico_cargo,colaborador,yes,
dbo.HISTORICO_COLABORADOR_AREA,dbo__HISTORICO_COLABORADOR_AREA,dbo,HISTORICO_COLABORADOR_AREA,colaborador,BRIDGE,BRG_HISTORICO_AREA,0,ID,14821,5937,both,historico_area,colaborador,yes,
dbo.HISTORICO_COLABORADOR_CARGO,dbo__HISTORICO_COLABORADOR_CARGO,dbo,HISTORICO_COLABORADOR_CARGO,unclassified,DEFER,,0,ID,0,0,none,,,no,
dbo.HISTORICO_PDI,dbo__HISTORICO_PDI,dbo,HISTORICO_PDI,pdi,DEFER,,0,ID,0,0,none,historico_pdi,pdi,yes,
dbo.HISTORICO_PERC_REALIZADO,dbo__HISTORICO_PERC_REALIZADO,dbo,HISTORICO_PERC_REALIZADO,acao,FACT,FACT_HISTORICO_PERC_REALIZADO,0,ID,1,0,afya,historico_perc_realizado,acao,yes,
dbo.HISTORICO_WORKFLOW_ACAO,dbo__HISTORICO_WORKFLOW_ACAO,dbo,HISTORICO_WORKFLOW_ACAO,acao,FACT,FACT_HISTORICO_WORKFLOW_ACAO,0,ID,814,29,both,historico_workflow_acao,acao,yes,
dbo.HistorySection,dbo__HistorySection,dbo,HistorySection,organizacao,FACT,FACT_HISTORY_SECTION,0,Id,4090,10607,both,history_section,organizacao,yes,
dbo.Hobbies,dbo__Hobbies,dbo,Hobbies,colaborador,DIM,DIM_HOBBIES,0,Id,256,110,both,hobbies,colaborador,yes,
dbo.IDIOMA,dbo__IDIOMA,dbo,IDIOMA,referencia,REF,REF_IDIOMA,0,ID,12,12,both,idioma,referencia,yes,
dbo.IMPACTO,dbo__IMPACTO,dbo,IMPACTO,sucessao,DEFER,,0,ID,0,0,none,impacto,sucessao,yes,
dbo.IMP_ACAO,dbo__IMP_ACAO,dbo,IMP_ACAO,import,EXCLUDE,,0,,4467,0,afya,,,no,
dbo.IMP_AREA,dbo__IMP_AREA,dbo,IMP_AREA,import,EXCLUDE,,0,,50000,2252,both,,,no,
dbo.IMP_CALCULO_MANUAL_PERFORMANCE,dbo__IMP_CALCULO_MANUAL_PERFORMANCE,dbo,IMP_CALCULO_MANUAL_PERFORMANCE,unclassified,EXCLUDE,,0,,0,0,none,,,no,
dbo.IMP_CARGO,dbo__IMP_CARGO,dbo,IMP_CARGO,import,EXCLUDE,,0,,50000,20,both,,,no,
dbo.IMP_CAUSA,dbo__IMP_CAUSA,dbo,IMP_CAUSA,unclassified,EXCLUDE,,0,,0,0,none,,,no,
dbo.IMP_COLABORADOR,dbo__IMP_COLABORADOR,dbo,IMP_COLABORADOR,import,EXCLUDE,,0,,50000,29952,both,,,no,
dbo.IMP_COLABORADOR_FUNCAO,dbo__IMP_COLABORADOR_FUNCAO,dbo,IMP_COLABORADOR_FUNCAO,unclassified,EXCLUDE,,0,,0,0,none,,,no,
dbo.IMP_COTACAO_MOEDA,dbo__IMP_COTACAO_MOEDA,dbo,IMP_COTACAO_MOEDA,unclassified,EXCLUDE,,0,,0,0,none,,,no,
dbo.IMP_EMPLOYEEMODIFIERVALUE,dbo__IMP_EMPLOYEEMODIFIERVALUE,dbo,IMP_EMPLOYEEMODIFIERVALUE,import,EXCLUDE,,0,,30470,10443,both,,,no,
dbo.IMP_EMPLOYEE_ACCESS_GROUP,dbo__IMP_EMPLOYEE_ACCESS_GROUP,dbo,IMP_EMPLOYEE_ACCESS_GROUP,import,EXCLUDE,,0,,0,6745,allos,,,no,
dbo.IMP_EXPRESSAO_CALCULO_META,dbo__IMP_EXPRESSAO_CALCULO_META,dbo,IMP_EXPRESSAO_CALCULO_META,import,EXCLUDE,,0,,4947,1857,both,,,no,
dbo.IMP_FORECAST,dbo__IMP_FORECAST,dbo,IMP_FORECAST,unclassified,EXCLUDE,,0,,0,0,none,,,no,
dbo.IMP_HISTORICO_AREA,dbo__IMP_HISTORICO_AREA,dbo,IMP_HISTORICO_AREA,import,EXCLUDE,,0,,15433,31814,both,,,no,
dbo.IMP_HISTORICO_CARGO,dbo__IMP_HISTORICO_CARGO,dbo,IMP_HISTORICO_CARGO,import,EXCLUDE,,0,,44644,23342,both,,,no,
dbo.IMP_INDICADOR,dbo__IMP_INDICADOR,dbo,IMP_INDICADOR,import,EXCLUDE,,0,,35,0,afya,,,no,
dbo.IMP_JOB_POSITION_LEVEL,dbo__IMP_JOB_POSITION_LEVEL,dbo,IMP_JOB_POSITION_LEVEL,import,EXCLUDE,,0,,50000,0,afya,,,no,
dbo.IMP_LEVEL,dbo__IMP_LEVEL,dbo,IMP_LEVEL,unclassified,EXCLUDE,,0,,0,0,none,,,no,
dbo.IMP_LIDER_AVALIADO,dbo__IMP_LIDER_AVALIADO,dbo,IMP_LIDER_AVALIADO,unclassified,EXCLUDE,,0,,0,0,none,,,no,
dbo.IMP_MARCADOR_ACAO_ITEM,dbo__IMP_MARCADOR_ACAO_ITEM,dbo,IMP_MARCADOR_ACAO_ITEM,import,EXCLUDE,,0,,2959,50000,both,,,no,
dbo.IMP_META,dbo__IMP_META,dbo,IMP_META,import,EXCLUDE,,0,,50000,50000,both,,,no,
dbo.IMP_MUDA_RESPONSAVEL_AREA,dbo__IMP_MUDA_RESPONSAVEL_AREA,dbo,IMP_MUDA_RESPONSAVEL_AREA,import,EXCLUDE,,0,,551,0,afya,,,no,
dbo.IMP_NOTA_META,dbo__IMP_NOTA_META,dbo,IMP_NOTA_META,import,EXCLUDE,,0,,36347,50000,both,,,no,
dbo.IMP_PARTICIPANTE_RV,dbo__IMP_PARTICIPANTE_RV,dbo,IMP_PARTICIPANTE_RV,import,EXCLUDE,,0,,50000,26281,both,,,no,
dbo.IMP_PERFIL_AREA,dbo__IMP_PERFIL_AREA,dbo,IMP_PERFIL_AREA,import,EXCLUDE,,0,,274,12854,both,,,no,
dbo.IMP_RESPONSAVEL_AREA,dbo__IMP_RESPONSAVEL_AREA,dbo,IMP_RESPONSAVEL_AREA,import,EXCLUDE,,0,,11304,1558,both,,,no,
dbo.IMP_RESPONSAVEL_AREA_DEL,dbo__IMP_RESPONSAVEL_AREA_DEL,dbo,IMP_RESPONSAVEL_AREA_DEL,import,EXCLUDE,,0,,585,125,both,,,no,
dbo.IMP_UPPER_GOAL,dbo__IMP_UPPER_GOAL,dbo,IMP_UPPER_GOAL,import,EXCLUDE,,0,ID_LOG_IMP|ID_META_SUPERIOR|COD_META,92,3028,both,,,no,
dbo.IMP_VALOR_META,dbo__IMP_VALOR_META,dbo,IMP_VALOR_META,import,EXCLUDE,,0,,252,0,afya,,,no,
dbo.INDICADOR,dbo__INDICADOR,dbo,INDICADOR,metricas,DIM,DIM_INDICADOR,0,ID,46,336,both,indicador,metricas,yes,
dbo.INDICADOR_BOOK,dbo__INDICADOR_BOOK,dbo,INDICADOR_BOOK,referencia,DEFER,,0,ID,0,0,none,indicador_book,referencia,yes,
dbo.INDICADOR_TIPOMETA,dbo__INDICADOR_TIPOMETA,dbo,INDICADOR_TIPOMETA,metricas,DIM,DIM_INDICADOR_TIPOMETA,0,ID,1,2,both,indicador_tipometa,metricas,yes,
dbo.INDICADOR_TIPOMETA_BOOK,dbo__INDICADOR_TIPOMETA_BOOK,dbo,INDICADOR_TIPOMETA_BOOK,metricas,DEFER,,0,ID,0,0,none,indicador_tipometa_book,metricas,yes,
dbo.INFO_NOTA_META,dbo__INFO_NOTA_META,dbo,INFO_NOTA_META,metricas,FACT,FACT_INFO_NOTA_META,0,ID,3805,20054,both,info_nota_meta,metricas,yes,
dbo.INSTANCIA_CALIBRADOS,dbo__INSTANCIA_CALIBRADOS,dbo,INSTANCIA_CALIBRADOS,colaborador,DEFER,,0,ID,0,0,none,instancia_calibrados,colaborador,yes,
dbo.INSTANCIA_CALIBRADOS_PERFORMANCE,dbo__INSTANCIA_CALIBRADOS_PERFORMANCE,dbo,INSTANCIA_CALIBRADOS_PERFORMANCE,colaborador,DEFER,,0,ID,0,0,none,instancia_calibrados_performance,colaborador,yes,
dbo.INSTANCIA_COMITE,dbo__INSTANCIA_COMITE,dbo,INSTANCIA_COMITE,colaborador,DIM,DIM_INSTANCIA_COMITE,0,ID,744,0,afya,instancia_comite,colaborador,yes,
dbo.INSTANCIA_COMITE_SUCESSAO,dbo__INSTANCIA_COMITE_SUCESSAO,dbo,INSTANCIA_COMITE_SUCESSAO,colaborador,DIM,DIM_INSTANCIA_COMITE_SUCESSAO,0,ID,1,0,afya,instancia_comite_sucessao,colaborador,yes,
dbo.INSTANCIA_PARTICIPANTE_COMPETENCIA,dbo__INSTANCIA_PARTICIPANTE_COMPETENCIA,dbo,INSTANCIA_PARTICIPANTE_COMPETENCIA,avaliacao,DEFER,,0,ID,0,0,none,instancia_participante_competencia,avaliacao,yes,
dbo.INSTANCIA_PARTICIPANTE_SUCESSAO,dbo__INSTANCIA_PARTICIPANTE_SUCESSAO,dbo,INSTANCIA_PARTICIPANTE_SUCESSAO,colaborador,BRIDGE,BRG_INSTANCIA_PARTICIPANTE_SUCESSAO,0,ID,1,0,afya,instancia_participante_sucessao,colaborador,yes,
dbo.INSTANCIA_SUCESSAO,dbo__INSTANCIA_SUCESSAO,dbo,INSTANCIA_SUCESSAO,sucessao,DIM,DIM_INSTANCIA_SUCESSAO,0,ID,1,0,afya,instancia_sucessao,sucessao,yes,
dbo.IPRestriction,dbo__IPRestriction,dbo,IPRestriction,unclassified,DEFER,,0,Id,0,0,none,,,no,
dbo.ITEM_FEEDBACK,dbo__ITEM_FEEDBACK,dbo,ITEM_FEEDBACK,avaliacao,DEFER,,0,ID,0,0,none,item_feedback,avaliacao,yes,
dbo.ITEM_LISTA_PERSONALIZADA_FEEDBACK_CONTINUO,dbo__ITEM_LISTA_PERSONALIZADA_FEEDBACK_CONTINUO,dbo,ITEM_LISTA_PERSONALIZADA_FEEDBACK_CONTINUO,avaliacao,DIM,DIM_ITEM_LISTA_PERSONALIZADA_FEEDBACK_CONTINUO,0,Id,0,1,allos,item_lista_personalizada_feedback_continuo,avaliacao,yes,
dbo.Identity,dbo__Identity,dbo,Identity,plataforma,EXCLUDE,,0,Id,984,516,both,,,no,
dbo.ImagePanelImages,dbo__ImagePanelImages,dbo,ImagePanelImages,plataforma,EXCLUDE,,0,Id,0,1,allos,,,no,
dbo.ImagePanelImagesAttachment,dbo__ImagePanelImagesAttachment,dbo,ImagePanelImagesAttachment,plataforma,EXCLUDE,,0,Id,0,1,allos,,,no,
dbo.ImpValorMatriz,dbo__ImpValorMatriz,dbo,ImpValorMatriz,unclassified,DEFER,,0,Id,0,0,none,,,no,
dbo.ImportLog,dbo__ImportLog,dbo,ImportLog,plataforma,EXCLUDE,,0,Id,10,25,both,,,no,
dbo.ImportLogError,dbo__ImportLogError,dbo,ImportLogError,plataforma,EXCLUDE,,0,Id,0,670,allos,,,no,
dbo.InitialDashboardLayout,dbo__InitialDashboardLayout,dbo,InitialDashboardLayout,plataforma,EXCLUDE,,0,Id,2,2,both,,,no,
dbo.Initiative,dbo__Initiative,dbo,Initiative,metricas,DEFER,,0,Id,0,0,none,initiative,metricas,yes,
dbo.Item,dbo__Item,dbo,Item,config,EXCLUDE,,0,Id,0,0,none,,,no,
dbo.ItemSwotAnalysis,dbo__ItemSwotAnalysis,dbo,ItemSwotAnalysis,metricas,DEFER,,0,Id,0,0,none,item_swot_analysis,metricas,yes,
dbo.ItemSwotAnalysisRelationship,dbo__ItemSwotAnalysisRelationship,dbo,ItemSwotAnalysisRelationship,metricas,DEFER,,0,Id,0,0,none,item_swot_analysis_relationship,metricas,yes,
dbo.ItemSwotAnalysisRelationshipItemSwotAnalysis,dbo__ItemSwotAnalysisRelationshipItemSwotAnalysis,dbo,ItemSwotAnalysisRelationshipItemSwotAnalysis,metricas,DEFER,,0,ItemSwotAnalysisRelationship_Id|ItemSwotAnalysis_Id,0,0,none,item_swot_analysis_relationship_item_swot_analysis,metricas,yes,
dbo.JobEvaluationAnswerSuccession,dbo__JobEvaluationAnswerSuccession,dbo,JobEvaluationAnswerSuccession,colaborador,DEFER,,0,Id,0,0,none,job_evaluation_answer_succession,colaborador,yes,
dbo.JobEvaluationSuccession,dbo__JobEvaluationSuccession,dbo,JobEvaluationSuccession,avaliacao,DEFER,,0,Id,0,0,none,job_evaluation_succession,avaliacao,yes,
dbo.JobPositionCore,dbo__JobPositionCore,dbo,JobPositionCore,organizacao,DIM,DIM_JOB_POSITION_CORE,0,Id,104,41,both,job_position_core,organizacao,yes,
dbo.JobPositionLevel,dbo__JobPositionLevel,dbo,JobPositionLevel,organizacao,FACT,FACT_JOB_POSITION_LEVEL,0,JobPosition_Id|Level_Id,45193,126,both,job_position_level,organizacao,yes,
dbo.JobPositionSuccession,dbo__JobPositionSuccession,dbo,JobPositionSuccession,organizacao,DEFER,,0,Id,0,0,none,job_position_succession,organizacao,yes,
dbo.KPI,dbo__KPI,dbo,KPI,unclassified,DEFER,,0,Id,0,0,none,,,no,
dbo.KPIBreakdown,dbo__KPIBreakdown,dbo,KPIBreakdown,unclassified,DEFER,,0,Id,0,0,none,,,no,
dbo.KPIGrouping,dbo__KPIGrouping,dbo,KPIGrouping,unclassified,DEFER,,0,Id,0,0,none,,,no,
dbo.KPIStakeholder,dbo__KPIStakeholder,dbo,KPIStakeholder,colaborador,DEFER,,0,KpiId|StakeholderId,0,0,none,kpi_stakeholder,colaborador,yes,
dbo.KPIStakeholderBook,dbo__KPIStakeholderBook,dbo,KPIStakeholderBook,unclassified,DEFER,,0,KpiId|StakeholderId,0,0,none,,,no,
dbo.KnowledgeManagement,dbo__KnowledgeManagement,dbo,KnowledgeManagement,acao,DEFER,,0,Id,0,0,none,knowledge_management,acao,yes,
dbo.LISTA_PLANO_TIPO_AVALIADOR,dbo__LISTA_PLANO_TIPO_AVALIADOR,dbo,LISTA_PLANO_TIPO_AVALIADOR,unclassified,DEFER,,0,,0,0,none,,,no,
dbo.LOG_DATA_EXTRACT,dbo__LOG_DATA_EXTRACT,dbo,LOG_DATA_EXTRACT,logs,EXCLUDE,,0,ID,2497,7131,both,,,no,
dbo.LOG_DATA_EXTRACT_ITEM,dbo__LOG_DATA_EXTRACT_ITEM,dbo,LOG_DATA_EXTRACT_ITEM,logs,EXCLUDE,,0,ID,30,14,both,,,no,
dbo.LOG_EMAIL,dbo__LOG_EMAIL,dbo,LOG_EMAIL,logs,EXCLUDE,,0,ID,38449,50000,both,,,no,
dbo.LOG_EMAIL_ACAO_VENCER,dbo__LOG_EMAIL_ACAO_VENCER,dbo,LOG_EMAIL_ACAO_VENCER,logs,EXCLUDE,,0,,0,0,none,,,no,
dbo.LOG_IMP,dbo__LOG_IMP,dbo,LOG_IMP,logs,EXCLUDE,,0,ID,1767,3984,both,,,no,
dbo.LOG_IMP_ITEM,dbo__LOG_IMP_ITEM,dbo,LOG_IMP_ITEM,import,EXCLUDE,,0,ID,50000,50000,both,,,no,
dbo.LOG_LOGIN,dbo__LOG_LOGIN,dbo,LOG_LOGIN,logs,EXCLUDE,,0,Id,50000,50000,both,,,no,
dbo.LOG_TASK,dbo__LOG_TASK,dbo,LOG_TASK,logs,EXCLUDE,,0,ID,0,0,none,,,no,
dbo.LOG_TASK_ITEM,dbo__LOG_TASK_ITEM,dbo,LOG_TASK_ITEM,logs,EXCLUDE,,0,ID,0,0,none,,,no,
dbo.LabelAction,dbo__LabelAction,dbo,LabelAction,acao,FACT,FACT_LABEL_ACTION,0,IdLabel|IdAction,1175,0,afya,label_action,acao,yes,
dbo.LabelEmployee,dbo__LabelEmployee,dbo,LabelEmployee,colaborador,DEFER,,0,IdLabel|IdEmployee,0,0,none,label_employee,colaborador,yes,
dbo.LabelGoal,dbo__LabelGoal,dbo,LabelGoal,metricas,FACT,FACT_LABEL_GOAL,0,IdLabel|IdGoal,0,50000,allos,label_goal,metricas,yes,
dbo.LabelsTagTrainings,dbo__LabelsTagTrainings,dbo,LabelsTagTrainings,pdi,DEFER,,0,Training_Id|Label_Id,0,0,none,labels_tag_trainings,pdi,yes,
dbo.LanguageLevel,dbo__LanguageLevel,dbo,LanguageLevel,colaborador,DIM,DIM_LANGUAGE_LEVEL,0,Id,207,80,both,language_level,colaborador,yes,
dbo.Locality,dbo__Locality,dbo,Locality,organizacao,DIM,DIM_LOCALITY,0,Id,50,1,both,locality,organizacao,yes,
dbo.MAIL_CONFIG,dbo__MAIL_CONFIG,dbo,MAIL_CONFIG,referencia,REF,REF_MAIL_CONFIG,0,ID,56,56,both,mail_config,referencia,yes,
dbo.MARCADOR_ACAO,dbo__MARCADOR_ACAO,dbo,MARCADOR_ACAO,acao,DEFER,,0,ID,0,0,none,marcador_acao,acao,yes,
dbo.MARCADOR_ACAO_ITEM,dbo__MARCADOR_ACAO_ITEM,dbo,MARCADOR_ACAO_ITEM,acao,DEFER,,0,ID,0,0,none,marcador_acao_item,acao,yes,
dbo.MENU,dbo__MENU,dbo,MENU,plataforma,EXCLUDE,,0,ID_PK,168,168,both,,,no,
dbo.META,dbo__META,dbo,META,metricas,DIM,DIM_META,0,ID,29484,50000,both,meta,metricas,yes,
dbo.METABOOK,dbo__METABOOK,dbo,METABOOK,metricas,DEFER,,0,ID,0,0,none,metabook,metricas,yes,
dbo.META_DATA_EXTRACT,dbo__META_DATA_EXTRACT,dbo,META_DATA_EXTRACT,colaborador,DEFER,,0,,0,0,none,meta_data_extract,colaborador,yes,
dbo.META_RELACIONADA,dbo__META_RELACIONADA,dbo,META_RELACIONADA,unclassified,DEFER,,0,ID,0,0,none,,,no,
dbo.MULTIPLO_NOTA,dbo__MULTIPLO_NOTA,dbo,MULTIPLO_NOTA,unclassified,DEFER,,0,,0,0,none,,,no,
dbo.ManagementCycle,dbo__ManagementCycle,dbo,ManagementCycle,unclassified,DEFER,,0,Id,0,0,none,,,no,
dbo.ManagerSuccession,dbo__ManagerSuccession,dbo,ManagerSuccession,organizacao,DEFER,,0,Id,0,0,none,manager_succession,organizacao,yes,
dbo.Matriz,dbo__Matriz,dbo,Matriz,metricas,DEFER,,0,Id,0,0,none,matriz,metricas,yes,
dbo.MembroDimensao,dbo__MembroDimensao,dbo,MembroDimensao,metricas,DEFER,,0,Id,0,0,none,membro_dimensao,metricas,yes,
dbo.Modifier,dbo__Modifier,dbo,Modifier,remuneracao,DIM,DIM_MODIFIER,0,Id,45,281,both,modifier,remuneracao,yes,
dbo.ModifierItem,dbo__ModifierItem,dbo,ModifierItem,remuneracao,DIM,DIM_MODIFIER_ITEM,0,Id,135,0,afya,modifier_item,remuneracao,yes,
dbo.Modules,dbo__Modules,dbo,Modules,plataforma,EXCLUDE,,0,Id,11,11,both,,,no,
dbo.MonthlyGoal,dbo__MonthlyGoal,dbo,MonthlyGoal,metricas,DEFER,,0,Id,0,0,none,monthly_goal,metricas,yes,
dbo.Motivations,dbo__Motivations,dbo,Motivations,colaborador,DIM,DIM_MOTIVATIONS,0,Id,211,85,both,motivations,colaborador,yes,
dbo.NINE_BOX,dbo__NINE_BOX,dbo,NINE_BOX,avaliacao,DIM,DIM_NINE_BOX,0,ID,453,0,afya,nine_box,avaliacao,yes,
dbo.NINE_BOX_CALIBRADOS,dbo__NINE_BOX_CALIBRADOS,dbo,NINE_BOX_CALIBRADOS,colaborador,FACT,FACT_NINE_BOX_CALIBRADOS,0,ID,8218,0,afya,nine_box_calibrados,colaborador,yes,
dbo.NIVEL,dbo__NIVEL,dbo,NIVEL,metricas,DIM,DIM_NIVEL,0,ID,54,126,both,nivel,metricas,yes,
dbo.NOTA,dbo__NOTA,dbo,NOTA,config,EXCLUDE,,0,ID,83,42,both,,,no,
dbo.NOTA_BOOK,dbo__NOTA_BOOK,dbo,NOTA_BOOK,metricas,DEFER,,0,ID,0,0,none,nota_book,metricas,yes,
dbo.NOTA_META,dbo__NOTA_META,dbo,NOTA_META,metricas,FACT,FACT_NOTA_META,0,ID,11761,50000,both,nota_meta,metricas,yes,"tenant_slug, id_meta, id_periodo_apuracao"
dbo.NOTA_META_BOOK,dbo__NOTA_META_BOOK,dbo,NOTA_META_BOOK,metricas,DEFER,,0,ID,0,0,none,nota_meta_book,metricas,yes,
dbo.NOTIFICACAO,dbo__NOTIFICACAO,dbo,NOTIFICACAO,acao,DIM,DIM_NOTIFICACAO,0,ID,72,77,both,notificacao,acao,yes,
dbo.NOTIFICACAO_FEEDBACK_CONTINUO,dbo__NOTIFICACAO_FEEDBACK_CONTINUO,dbo,NOTIFICACAO_FEEDBACK_CONTINUO,avaliacao,FACT,FACT_NOTIFICACAO_FEEDBACK,0,Id,10086,1609,both,notificacao_feedback,avaliacao,yes,
dbo.NOTIFICACAO_LIDA,dbo__NOTIFICACAO_LIDA,dbo,NOTIFICACAO_LIDA,colaborador,DIM,DIM_NOTIFICACAO_LIDA,0,ID,0,10,allos,notificacao_lida,colaborador,yes,
dbo.NecessaryResourcesOfTraining,dbo__NecessaryResourcesOfTraining,dbo,NecessaryResourcesOfTraining,pdi,DEFER,,0,Id,0,0,none,necessary_resources_of_training,pdi,yes,
dbo.Need,dbo__Need,dbo,Need,colaborador,DEFER,,0,Id,0,0,none,need,colaborador,yes,
dbo.NivelMembros,dbo__NivelMembros,dbo,NivelMembros,metricas,DEFER,,0,,0,0,none,nivel_membros,metricas,yes,
dbo.NormalizationCurvePoint,dbo__NormalizationCurvePoint,dbo,NormalizationCurvePoint,metricas,DIM,DIM_NORMALIZATION_CURVE_POINT,0,Id,0,5,allos,normalization_curve_point,metricas,yes,
dbo.OPCAO_PULSE_FEEDBACK_CONTINUO,dbo__OPCAO_PULSE_FEEDBACK_CONTINUO,dbo,OPCAO_PULSE_FEEDBACK_CONTINUO,avaliacao,DEFER,,0,ID,0,0,none,opcao_pulse_feedback_continuo,avaliacao,yes,
dbo.OrganizationIdentity,dbo__OrganizationIdentity,dbo,OrganizationIdentity,organizacao,DEFER,,0,Id,0,0,none,organization_identity,organizacao,yes,
dbo.PARTICIPANTE_PULSE_FEEDBACK_CONTINUO,dbo__PARTICIPANTE_PULSE_FEEDBACK_CONTINUO,dbo,PARTICIPANTE_PULSE_FEEDBACK_CONTINUO,avaliacao,DEFER,,0,ID,0,0,none,participante_pulse,avaliacao,yes,
dbo.PARTICIPANTE_REUNIAO,dbo__PARTICIPANTE_REUNIAO,dbo,PARTICIPANTE_REUNIAO,acao,DEFER,,0,ID,0,0,none,participante_reuniao,acao,yes,
dbo.PARTICIPANTE_RV,dbo__PARTICIPANTE_RV,dbo,PARTICIPANTE_RV,remuneracao,BRIDGE,BRG_PARTICIPANTE_RV,0,ID,45128,18269,both,participante_rv,remuneracao,yes,"tenant_slug, id"
dbo.PDF_EXPLICATIVO_AVALIACAO,dbo__PDF_EXPLICATIVO_AVALIACAO,dbo,PDF_EXPLICATIVO_AVALIACAO,unclassified,DEFER,,0,ID,0,0,none,,,no,
dbo.PERFIL_AREA,dbo__PERFIL_AREA,dbo,PERFIL_AREA,organizacao,BRIDGE,BRG_PERFIL_AREA,0,ID,9714,12231,both,perfil_area,organizacao,yes,
dbo.PERFIL_GRUPO_USUARIO,dbo__PERFIL_GRUPO_USUARIO,dbo,PERFIL_GRUPO_USUARIO,organizacao,FACT,FACT_PERFIL_GRUPO_USUARIO,0,ID,3266,1638,both,perfil_grupo_usuario,organizacao,yes,
dbo.PERFIL_USUARIO,dbo__PERFIL_USUARIO,dbo,PERFIL_USUARIO,colaborador,DIM,DIM_PERFIL_USUARIO,0,ID,44,0,afya,perfil_usuario,colaborador,yes,
dbo.PERIODO_APURACAO,dbo__PERIODO_APURACAO,dbo,PERIODO_APURACAO,metricas,DIM,DIM_PERIODO_APURACAO,0,ID,5,4,both,periodo_apuracao,metricas,yes,
dbo.PERIODO_AVALIACAO_PROJETO,dbo__PERIODO_AVALIACAO_PROJETO,dbo,PERIODO_AVALIACAO_PROJETO,avaliacao,DEFER,,0,ID,0,0,none,periodo_avaliacao_projeto,avaliacao,yes,
dbo.PERIODO_GESTAO,dbo__PERIODO_GESTAO,dbo,PERIODO_GESTAO,metricas,DIM,DIM_PERIODO_GESTAO,0,ID,3,6,both,periodo_gestao,metricas,yes,
dbo.PERMISSAO_DASHBOARD,dbo__PERMISSAO_DASHBOARD,dbo,PERMISSAO_DASHBOARD,colaborador,DEFER,,0,,0,0,none,permissao_dashboard,colaborador,yes,
dbo.PLANO_PESO_AVALIADOR,dbo__PLANO_PESO_AVALIADOR,dbo,PLANO_PESO_AVALIADOR,unclassified,DEFER,,0,ID,0,0,none,,,no,
dbo.PLUGIN_INFO,dbo__PLUGIN_INFO,dbo,PLUGIN_INFO,referencia,REF,REF_PLUGIN_INFO,0,PLUGIN_CODE,3,3,both,plugin_info,referencia,yes,
dbo.POTENCIAL,dbo__POTENCIAL,dbo,POTENCIAL,sucessao,DEFER,,0,ID,0,0,none,potencial,sucessao,yes,
dbo.PRE_TRABALHO_AVALIADO_SUCESSAO,dbo__PRE_TRABALHO_AVALIADO_SUCESSAO,dbo,PRE_TRABALHO_AVALIADO_SUCESSAO,unclassified,DEFER,,0,ID,0,0,none,,,no,
dbo.PROCESSO,dbo__PROCESSO,dbo,PROCESSO,colaborador,DIM,DIM_PROCESSO,0,ID,2,2,both,processo,colaborador,yes,
dbo.PROJETO_AVALIACAO,dbo__PROJETO_AVALIACAO,dbo,PROJETO_AVALIACAO,avaliacao,DEFER,,0,ID,0,0,none,projeto_avaliacao,avaliacao,yes,
dbo.PSW_COLABORADOR,dbo__PSW_COLABORADOR,dbo,PSW_COLABORADOR,colaborador,FACT,FACT_PSW_COLABORADOR,0,ID_COLABORADOR,12396,8307,both,psw_colaborador,colaborador,yes,
dbo.PSW_COLABORADOR_ITEM,dbo__PSW_COLABORADOR_ITEM,dbo,PSW_COLABORADOR_ITEM,colaborador,BRIDGE,BRG_PSW_COLABORADOR_ITEM,0,,12390,8299,both,psw_colaborador_item,colaborador,yes,
dbo.PULSE_FEEDBACK_CONTINUO,dbo__PULSE_FEEDBACK_CONTINUO,dbo,PULSE_FEEDBACK_CONTINUO,avaliacao,DEFER,,0,ID,0,0,none,pulse_feedback,avaliacao,yes,
dbo.ParticipantAdvancePayment,dbo__ParticipantAdvancePayment,dbo,ParticipantAdvancePayment,remuneracao,DEFER,,0,Id,0,0,none,participant_advance_payment,remuneracao,yes,
dbo.ParticipantAdvancePaymentDiscount,dbo__ParticipantAdvancePaymentDiscount,dbo,ParticipantAdvancePaymentDiscount,remuneracao,DEFER,,0,Id,0,0,none,participant_advance_payment_discount,remuneracao,yes,
dbo.ParticipantAggregatedAdvancePayment,dbo__ParticipantAggregatedAdvancePayment,dbo,ParticipantAggregatedAdvancePayment,remuneracao,DEFER,,0,Id,0,0,none,participant_aggregated_advance_payment,remuneracao,yes,
dbo.ParticipantAggregatedAdvancePaymentDiscount,dbo__ParticipantAggregatedAdvancePaymentDiscount,dbo,ParticipantAggregatedAdvancePaymentDiscount,unclassified,DEFER,,0,Id,0,0,none,,,no,
dbo.ParticipantAggregatedExtract,dbo__ParticipantAggregatedExtract,dbo,ParticipantAggregatedExtract,remuneracao,FACT,FACT_PARTICIPANT_AGGREGATED_EXTRACT,0,Id,49080,50000,both,participant_aggregated_extract,remuneracao,yes,
dbo.ParticipantExtract,dbo__ParticipantExtract,dbo,ParticipantExtract,remuneracao,FACT,FACT_PARTICIPANT_EXTRACT,0,Id,49080,50000,both,participant_extract,remuneracao,yes,
dbo.ParticipantExtractControl,dbo__ParticipantExtractControl,dbo,ParticipantExtractControl,remuneracao,FACT,FACT_PARTICIPANT_EXTRACT_CONTROL,0,Id,0,10602,allos,participant_extract_control,remuneracao,yes,
dbo.PermissaoFinanceira,dbo__PermissaoFinanceira,dbo,PermissaoFinanceira,colaborador,DEFER,,0,Id,0,0,none,permissao_financeira,colaborador,yes,
dbo.PersonalCharacteristics,dbo__PersonalCharacteristics,dbo,PersonalCharacteristics,colaborador,DIM,DIM_PERSONAL_CHARACTERISTICS,0,Id,229,87,both,personal_characteristics,colaborador,yes,
dbo.Perspective,dbo__Perspective,dbo,Perspective,metricas,DEFER,,0,Id,0,0,none,perspective,metricas,yes,
dbo.Pool,dbo__Pool,dbo,Pool,metricas,DIM,DIM_POOL,0,Id,0,4,allos,pool,metricas,yes,
dbo.PresentationFavoriteSlide,dbo__PresentationFavoriteSlide,dbo,PresentationFavoriteSlide,colaborador,DIM,DIM_PRESENTATION_FAVORITE_SLIDE,0,Id,0,1,allos,presentation_favorite_slide,colaborador,yes,
dbo.PresentationTemplate,dbo__PresentationTemplate,dbo,PresentationTemplate,plataforma,EXCLUDE,,0,Id,0,9,allos,,,no,
dbo.PresentationTemplateHistory,dbo__PresentationTemplateHistory,dbo,PresentationTemplateHistory,plataforma,EXCLUDE,,0,Id,0,17,allos,,,no,
dbo.PresentationTemplateShare,dbo__PresentationTemplateShare,dbo,PresentationTemplateShare,plataforma,EXCLUDE,,0,Id,0,11,allos,,,no,
dbo.PresentationTemplateSlide,dbo__PresentationTemplateSlide,dbo,PresentationTemplateSlide,plataforma,EXCLUDE,,0,Id,0,12,allos,,,no,
dbo.PresentationTemplateVersion,dbo__PresentationTemplateVersion,dbo,PresentationTemplateVersion,plataforma,EXCLUDE,,0,Id,0,9,allos,,,no,
dbo.ProfessionalExperience,dbo__ProfessionalExperience,dbo,ProfessionalExperience,colaborador,DIM,DIM_PROFESSIONAL_EXPERIENCE,0,Id,173,63,both,professional_experience,colaborador,yes,
dbo.ProfileEditPermission,dbo__ProfileEditPermission,dbo,ProfileEditPermission,colaborador,DIM,DIM_PROFILE_EDIT_PERMISSION,0,Id,9,5,both,profile_edit_permission,colaborador,yes,
dbo.QUICK_MEETING,dbo__QUICK_MEETING,dbo,QUICK_MEETING,acao,DEFER,,0,ID,0,0,none,quick_meeting,acao,yes,
dbo.QualificationCenterConfig,dbo__QualificationCenterConfig,dbo,QualificationCenterConfig,pdi,DEFER,,0,Id,0,0,none,qualification_center_config,pdi,yes,
dbo.QualificationManager,dbo__QualificationManager,dbo,QualificationManager,pdi,DEFER,,0,Id,0,0,none,qualification_manager,pdi,yes,
dbo.QualificationManagersSubordinates,dbo__QualificationManagersSubordinates,dbo,QualificationManagersSubordinates,pdi,DEFER,,0,QualificationManager_Id|Employee_Id,0,0,none,qualification_managers_subordinates,pdi,yes,
dbo.Question,dbo__Question,dbo,Question,avaliacao,DEFER,,0,Id,0,0,none,question,avaliacao,yes,
dbo.QuestionsEffectivenessEvaluations,dbo__QuestionsEffectivenessEvaluations,dbo,QuestionsEffectivenessEvaluations,avaliacao,DEFER,,0,EffectivenessEvaluation_Id|Question_Id,0,0,none,questions_effectiveness_evaluations,avaliacao,yes,
dbo.QuestionsReactionEvaluations,dbo__QuestionsReactionEvaluations,dbo,QuestionsReactionEvaluations,avaliacao,DEFER,,0,ReactionEvaluation_Id|Question_Id,0,0,none,questions_reaction_evaluations,avaliacao,yes,
dbo.RECURRING_JOB,dbo__RECURRING_JOB,dbo,RECURRING_JOB,acao,DIM,DIM_RECURRING_JOB,0,ID,17,17,both,recurring_job,acao,yes,
dbo.RECURRING_JOB_LOG,dbo__RECURRING_JOB_LOG,dbo,RECURRING_JOB_LOG,unclassified,DEFER,,0,ID,0,0,none,,,no,
dbo.REFERENCIA_CAUSA,dbo__REFERENCIA_CAUSA,dbo,REFERENCIA_CAUSA,unclassified,DEFER,,0,ID_CAUSA_DESTINO,0,0,none,,,no,
dbo.REFERENCIA_CONTRAMEDIDA,dbo__REFERENCIA_CONTRAMEDIDA,dbo,REFERENCIA_CONTRAMEDIDA,acao,DEFER,,0,ID,0,0,none,referencia_contramedida,acao,yes,
dbo.RESPOSTA_AVALIACAO_SUCESSAO,dbo__RESPOSTA_AVALIACAO_SUCESSAO,dbo,RESPOSTA_AVALIACAO_SUCESSAO,avaliacao,DEFER,,0,ID,0,0,none,resposta_avaliacao_sucessao,avaliacao,yes,
dbo.RESPOSTA_COMENTARIO,dbo__RESPOSTA_COMENTARIO,dbo,RESPOSTA_COMENTARIO,unclassified,DEFER,,0,ID,0,0,none,,,no,
dbo.RESPOSTA_COMPORTAMENTO,dbo__RESPOSTA_COMPORTAMENTO,dbo,RESPOSTA_COMPORTAMENTO,unclassified,DEFER,,0,ID,0,0,none,,,no,
dbo.RESPOSTA_PULSE_FEEDBACK_CONTINUO,dbo__RESPOSTA_PULSE_FEEDBACK_CONTINUO,dbo,RESPOSTA_PULSE_FEEDBACK_CONTINUO,avaliacao,DEFER,,0,ID,0,0,none,resposta_pulse_feedback_continuo,avaliacao,yes,
dbo.REUNIAO,dbo__REUNIAO,dbo,REUNIAO,acao,DEFER,,0,ID,0,0,none,reuniao,acao,yes,
dbo.REUNIAO_PAUSE,dbo__REUNIAO_PAUSE,dbo,REUNIAO_PAUSE,acao,DEFER,,0,ID,0,0,none,reuniao_pause,acao,yes,
dbo.RISCO,dbo__RISCO,dbo,RISCO,sucessao,DEFER,,0,ID,0,0,none,risco,sucessao,yes,
dbo.RangeDiscretionary,dbo__RangeDiscretionary,dbo,RangeDiscretionary,metricas,DIM,DIM_RANGE_DISCRETIONARY,0,Id,0,10,allos,range_discretionary,metricas,yes,
dbo.ReactionEvaluation,dbo__ReactionEvaluation,dbo,ReactionEvaluation,avaliacao,DEFER,,0,Id,0,0,none,reaction_evaluation,avaliacao,yes,
dbo.Readiness,dbo__Readiness,dbo,Readiness,sucessao,DIM,DIM_READINESS,0,Id,1,0,afya,readiness,sucessao,yes,
dbo.RelUpperGoal,dbo__RelUpperGoal,dbo,RelUpperGoal,metricas,DIM,DIM_REL_UPPER_GOAL,0,GoalId|UpperGoalId,29,345,both,rel_upper_goal,metricas,yes,
dbo.Response,dbo__Response,dbo,Response,colaborador,DEFER,,0,Id,0,0,none,response,colaborador,yes,
dbo.SECAO,dbo__SECAO,dbo,SECAO,unclassified,DEFER,,0,ID,0,0,none,,,no,
dbo.SQL_TRACE,dbo__SQL_TRACE,dbo,SQL_TRACE,plataforma,EXCLUDE,,0,ID,3082,4306,both,,,no,
dbo.SYSTEM_CONFIG,dbo__SYSTEM_CONFIG,dbo,SYSTEM_CONFIG,referencia,REF,REF_SYSTEM_CONFIG,0,,1,1,both,system_config,referencia,yes,
dbo.ScoreCurveImpactSuccession,dbo__ScoreCurveImpactSuccession,dbo,ScoreCurveImpactSuccession,sucessao,DEFER,,0,Id,0,0,none,score_curve_impact_succession,sucessao,yes,
dbo.ScoreCurveRiskSuccession,dbo__ScoreCurveRiskSuccession,dbo,ScoreCurveRiskSuccession,sucessao,DEFER,,0,Id,0,0,none,score_curve_risk_succession,sucessao,yes,
dbo.ScoreCurveSuccession,dbo__ScoreCurveSuccession,dbo,ScoreCurveSuccession,sucessao,DEFER,,0,ID,0,0,none,score_curve_succession,sucessao,yes,
dbo.ScoreValuesRV,dbo__ScoreValuesRV,dbo,ScoreValuesRV,metricas,FACT,FACT_SCORE_VALUES_RV,0,Id,4090,9876,both,score_values_rv,metricas,yes,
dbo.ServerCachePreferencesManagementCycle,dbo__ServerCachePreferencesManagementCycle,dbo,ServerCachePreferencesManagementCycle,colaborador,DIM,DIM_SERVER_CACHE_PREFERENCES_MANAGEMENT_CYCLE,0,Id,9,9,both,server_cache_preferences_management_cycle,colaborador,yes,
dbo.SidebarItem,dbo__SidebarItem,dbo,SidebarItem,plataforma,EXCLUDE,,0,Id,85,85,both,,,no,
dbo.SidebarItemFavorite,dbo__SidebarItemFavorite,dbo,SidebarItemFavorite,plataforma,EXCLUDE,,0,Id,74,135,both,,,no,
dbo.SimulationRVCache,dbo__SimulationRVCache,dbo,SimulationRVCache,remuneracao,DIM,DIM_SIMULATION_RV_CACHE,0,Id,0,1,allos,simulation_rv_cache,remuneracao,yes,
dbo.SkillCategory,dbo__SkillCategory,dbo,SkillCategory,pdi,DIM,DIM_SKILL_CATEGORY,0,Id,4,4,both,skill_category,pdi,yes,
dbo.SkillKnowledge,dbo__SkillKnowledge,dbo,SkillKnowledge,pdi,DIM,DIM_SKILL_KNOWLEDGE,0,Id,2,2,both,skill_knowledge,pdi,yes,
dbo.Sport,dbo__Sport,dbo,Sport,colaborador,DIM,DIM_SPORT,0,Id,370,159,both,sport,colaborador,yes,
dbo.Stakeholder,dbo__Stakeholder,dbo,Stakeholder,colaborador,DEFER,,0,Id,0,0,none,stakeholder,colaborador,yes,
dbo.StakeholdersCommittees,dbo__StakeholdersCommittees,dbo,StakeholdersCommittees,colaborador,DEFER,,0,Stakeholder_Id|Employee_Id,0,0,none,stakeholders_committees,colaborador,yes,
dbo.StakeholdersProject,dbo__StakeholdersProject,dbo,StakeholdersProject,colaborador,DEFER,,0,StrategyGoalProject_Id|Employee_Id,0,0,none,stakeholders_project,colaborador,yes,
dbo.StrategyAction,dbo__StrategyAction,dbo,StrategyAction,metricas,DEFER,,0,Id,0,0,none,strategy_action,metricas,yes,
dbo.StrategyAnalysis,dbo__StrategyAnalysis,dbo,StrategyAnalysis,metricas,DEFER,,0,Id,0,0,none,strategy_analysis,metricas,yes,
dbo.StrategyAnalysisAttachment,dbo__StrategyAnalysisAttachment,dbo,StrategyAnalysisAttachment,metricas,DEFER,,0,Id,0,0,none,strategy_analysis_attachment,metricas,yes,
dbo.StrategyCycle,dbo__StrategyCycle,dbo,StrategyCycle,metricas,DEFER,,0,Id,0,0,none,strategy_cycle,metricas,yes,
dbo.StrategyGoal,dbo__StrategyGoal,dbo,StrategyGoal,metricas,DEFER,,0,Id,0,0,none,strategy_goal,metricas,yes,
dbo.StrategyGoalMetric,dbo__StrategyGoalMetric,dbo,StrategyGoalMetric,metricas,DEFER,,0,Id,0,0,none,strategy_goal_metric,metricas,yes,
dbo.StrategyGoalMetricValue,dbo__StrategyGoalMetricValue,dbo,StrategyGoalMetricValue,metricas,DEFER,,0,Id,0,0,none,strategy_goal_metric_value,metricas,yes,
dbo.StrategyGoalProject,dbo__StrategyGoalProject,dbo,StrategyGoalProject,metricas,DEFER,,0,Id,0,0,none,strategy_goal_project,metricas,yes,
dbo.StrategyGoalProjectValue,dbo__StrategyGoalProjectValue,dbo,StrategyGoalProjectValue,metricas,DEFER,,0,Id,0,0,none,strategy_goal_project_value,metricas,yes,
dbo.SuccessionCycle,dbo__SuccessionCycle,dbo,SuccessionCycle,sucessao,DIM,DIM_SUCCESSION_CYCLE,0,ID,1,0,afya,succession_cycle,sucessao,yes,
dbo.SuccessionCycleSettings,dbo__SuccessionCycleSettings,dbo,SuccessionCycleSettings,sucessao,DIM,DIM_SUCCESSION_CYCLE_SETTINGS,0,ID,1,0,afya,succession_cycle_settings,sucessao,yes,
dbo.SuccessionJobPositionReadiness,dbo__SuccessionJobPositionReadiness,dbo,SuccessionJobPositionReadiness,sucessao,DEFER,,0,Id,0,0,none,succession_job_position_readiness,sucessao,yes,
dbo.SuccessionNomination,dbo__SuccessionNomination,dbo,SuccessionNomination,sucessao,DEFER,,0,Id,0,0,none,succession_nomination,sucessao,yes,
dbo.SuccessionResults,dbo__SuccessionResults,dbo,SuccessionResults,sucessao,DIM,DIM_SUCCESSION_RESULTS,0,Id,1,0,afya,succession_results,sucessao,yes,
dbo.SuccessionScoresDetails,dbo__SuccessionScoresDetails,dbo,SuccessionScoresDetails,sucessao,FACT,FACT_SUCCESSION_SCORES_DETAILS,0,Id,2,0,afya,succession_scores_details,sucessao,yes,
dbo.SwotAnalysis,dbo__SwotAnalysis,dbo,SwotAnalysis,metricas,DEFER,,0,Id,0,0,none,swot_analysis,metricas,yes,
dbo.SystemKnowledge,dbo__SystemKnowledge,dbo,SystemKnowledge,colaborador,DIM,DIM_SYSTEM_KNOWLEDGE,0,Id,19,9,both,system_knowledge,colaborador,yes,
dbo.TAG_FEEDBACK,dbo__TAG_FEEDBACK,dbo,TAG_FEEDBACK,avaliacao,DIM,DIM_TAG_FEEDBACK,0,Id,466,2,both,tag_feedback,avaliacao,yes,
dbo.TAG_FEEDBACK_CONTINUO,dbo__TAG_FEEDBACK_CONTINUO,dbo,TAG_FEEDBACK_CONTINUO,avaliacao,DIM,DIM_TAG_FEEDBACK_CONTINUO,0,ID,20,20,both,tag_feedback_continuo,avaliacao,yes,
dbo.TEMPLATE_USUARIO,dbo__TEMPLATE_USUARIO,dbo,TEMPLATE_USUARIO,unclassified,DEFER,,0,ID,0,0,none,,,no,
dbo.TERMO_ACEITE,dbo__TERMO_ACEITE,dbo,TERMO_ACEITE,metricas,DIM,DIM_TERMO_ACEITE,0,ID,3,3,both,termo_aceite,metricas,yes,
dbo.TERMO_ACEITE_ASSINATURA,dbo__TERMO_ACEITE_ASSINATURA,dbo,TERMO_ACEITE_ASSINATURA,organizacao,FACT,FACT_TERMO_ACEITE_ASSINATURA,0,ID,977,2727,both,termo_aceite_assinatura,organizacao,yes,
dbo.TERMO_ACEITE_SECAO,dbo__TERMO_ACEITE_SECAO,dbo,TERMO_ACEITE_SECAO,colaborador,DIM,DIM_TERMO_ACEITE_SECAO,0,ID,9,5,both,termo_aceite_secao,colaborador,yes,
dbo.TERMO_CONSENTIMENTO,dbo__TERMO_CONSENTIMENTO,dbo,TERMO_CONSENTIMENTO,unclassified,DEFER,,0,Id,0,0,none,,,no,
dbo.TIMELINE_FEEDBACK_CONTINUO,dbo__TIMELINE_FEEDBACK_CONTINUO,dbo,TIMELINE_FEEDBACK_CONTINUO,avaliacao,DIM,DIM_TIMELINE_FEEDBACK,0,Id,609,27,both,timeline_feedback,avaliacao,yes,
dbo.TIPO_FEEDBACK_CONTINUO,dbo__TIPO_FEEDBACK_CONTINUO,dbo,TIPO_FEEDBACK_CONTINUO,avaliacao,DIM,DIM_TIPO_FEEDBACK_CONTINUO,0,ID,7,8,both,tipo_feedback_continuo,avaliacao,yes,
dbo.TOPICO_REUNIAO,dbo__TOPICO_REUNIAO,dbo,TOPICO_REUNIAO,acao,DEFER,,0,ID,0,0,none,topico_reuniao,acao,yes,
dbo.TaskLog,dbo__TaskLog,dbo,TaskLog,plataforma,EXCLUDE,,0,Id,148,106,both,,,no,
dbo.TemporaryBulkInsert,dbo__TemporaryBulkInsert,dbo,TemporaryBulkInsert,unclassified,DEFER,,0,,0,0,none,,,no,
dbo.Theme,dbo__Theme,dbo,Theme,colaborador,DIM,DIM_THEME,0,Id,0,2,allos,theme,colaborador,yes,
dbo.ThemeHistory,dbo__ThemeHistory,dbo,ThemeHistory,colaborador,DIM,DIM_THEME_HISTORY,0,Id,0,25,allos,theme_history,colaborador,yes,
dbo.ThemeShare,dbo__ThemeShare,dbo,ThemeShare,colaborador,FACT,FACT_THEME_SHARE,0,Id,0,1206,allos,theme_share,colaborador,yes,
dbo.TipoAcumulacao,dbo__TipoAcumulacao,dbo,TipoAcumulacao,referencia,REF,REF_TIPO_ACUMULACAO,0,Id,2,2,both,tipo_acumulacao,referencia,yes,
dbo.Training,dbo__Training,dbo,Training,pdi,DEFER,,0,Id,0,0,none,training,pdi,yes,
dbo.TrainingAttachment,dbo__TrainingAttachment,dbo,TrainingAttachment,pdi,DEFER,,0,Id,0,0,none,training_attachment,pdi,yes,
dbo.TrainingClass,dbo__TrainingClass,dbo,TrainingClass,pdi,DEFER,,0,Id,0,0,none,training_class,pdi,yes,
dbo.TrainingClassDemands,dbo__TrainingClassDemands,dbo,TrainingClassDemands,pdi,DEFER,,0,Demand_Id|TrainingClass_Id,0,0,none,training_class_demands,pdi,yes,
dbo.TrainingClassParticipants,dbo__TrainingClassParticipants,dbo,TrainingClassParticipants,pdi,DEFER,,0,TrainingClass_Id|Employee_Id,0,0,none,training_class_participants,pdi,yes,
dbo.TrainingClassParticipantsConfirmed,dbo__TrainingClassParticipantsConfirmed,dbo,TrainingClassParticipantsConfirmed,pdi,DEFER,,0,TrainingClass_Id|Employee_Id,0,0,none,training_class_participants_confirmed,pdi,yes,
dbo.TrainingClassTimeDaily,dbo__TrainingClassTimeDaily,dbo,TrainingClassTimeDaily,unclassified,DEFER,,0,Id,0,0,none,,,no,
dbo.TrainingClassTimeWeekly,dbo__TrainingClassTimeWeekly,dbo,TrainingClassTimeWeekly,pdi,DEFER,,0,Id,0,0,none,training_class_time_weekly,pdi,yes,
dbo.TrainingDraft,dbo__TrainingDraft,dbo,TrainingDraft,pdi,DEFER,,0,Id,0,0,none,training_draft,pdi,yes,
dbo.TrainingPackage,dbo__TrainingPackage,dbo,TrainingPackage,pdi,DEFER,,0,Id,0,0,none,training_package,pdi,yes,
dbo.TrainingPackagesTrainings,dbo__TrainingPackagesTrainings,dbo,TrainingPackagesTrainings,pdi,DEFER,,0,TrainingPackage_Id|Training_Id,0,0,none,training_packages_trainings,pdi,yes,
dbo.TranslateTagCulture,dbo__TranslateTagCulture,dbo,TranslateTagCulture,referencia,REF,REF_TRANSLATE_TAG_CULTURE,0,Id,1,3,both,translate_tag_culture,referencia,yes,
dbo.TranslateTagHandle,dbo__TranslateTagHandle,dbo,TranslateTagHandle,referencia,REF,REF_TRANSLATE_TAG_HANDLE,0,Id,49,54,both,translate_tag_handle,referencia,yes,
dbo.Trigger,dbo__Trigger,dbo,Trigger,metricas,DIM,DIM_TRIGGER,0,Id,114,2,both,trigger,metricas,yes,
dbo.TriggerArea,dbo__TriggerArea,dbo,TriggerArea,organizacao,FACT,FACT_TRIGGER_AREA,0,Id,1526,439,both,trigger_area,organizacao,yes,
dbo.TriggerCurve,dbo__TriggerCurve,dbo,TriggerCurve,metricas,DIM,DIM_TRIGGER_CURVE,0,Id,114,2,both,trigger_curve,metricas,yes,
dbo.TriggerCurveItem,dbo__TriggerCurveItem,dbo,TriggerCurveItem,metricas,DIM,DIM_TRIGGER_CURVE_ITEM,0,Id,340,2,both,trigger_curve_item,metricas,yes,
dbo.UNIDADE_MEDIDA,dbo__UNIDADE_MEDIDA,dbo,UNIDADE_MEDIDA,referencia,REF,REF_UNIDADE_MEDIDA,0,ID,10,25,both,unidade_medida,referencia,yes,
dbo.VALOR_META,dbo__VALOR_META,dbo,VALOR_META,metricas,FACT,FACT_VALOR_META,0,ID,38293,50000,both,valor_meta,metricas,yes,"tenant_slug, id_meta, id_periodo_apuracao"
dbo.VALOR_META_BOOK,dbo__VALOR_META_BOOK,dbo,VALOR_META_BOOK,metricas,DEFER,,0,ID,0,0,none,valor_meta_book,metricas,yes,
dbo.VALOR_SECAO,dbo__VALOR_SECAO,dbo,VALOR_SECAO,unclassified,DEFER,,0,ID,0,0,none,,,no,
dbo.VERSAO,dbo__VERSAO,dbo,VERSAO,referencia,REF,REF_VERSAO,0,NUM_VERSAO,5,5,both,versao,referencia,yes,
dbo.VOTACAO_CAUSA,dbo__VOTACAO_CAUSA,dbo,VOTACAO_CAUSA,acao,DEFER,,0,ID,0,0,none,votacao_causa,acao,yes,
dbo.VW_AREA_QUEUE,dbo__VW_AREA_QUEUE,dbo,VW_AREA_QUEUE,unclassified,DEFER,,0,ID,0,0,none,,,no,
dbo.VW_AUDIT_AREA_QUEUE,dbo__VW_AUDIT_AREA_QUEUE,dbo,VW_AUDIT_AREA_QUEUE,unclassified,EXCLUDE,,0,ID,0,0,none,,,no,
dbo.VW_AUDIT_COLABORADOR_QUEUE,dbo__VW_AUDIT_COLABORADOR_QUEUE,dbo,VW_AUDIT_COLABORADOR_QUEUE,unclassified,EXCLUDE,,0,ID,0,0,none,,,no,
dbo.VW_COLABORADOR_INATIVADO_QUEUE,dbo__VW_COLABORADOR_INATIVADO_QUEUE,dbo,VW_COLABORADOR_INATIVADO_QUEUE,unclassified,DEFER,,0,Id,0,0,none,,,no,
dbo.VW_COLABORADOR_QUEUE,dbo__VW_COLABORADOR_QUEUE,dbo,VW_COLABORADOR_QUEUE,unclassified,DEFER,,0,ID,0,0,none,,,no,
dbo.VW_GOAL_RESPONSIBLE,dbo__VW_GOAL_RESPONSIBLE,dbo,VW_GOAL_RESPONSIBLE,unclassified,DEFER,,0,Id,0,0,none,,,no,
dbo.VW_GOAL_WEIGHT,dbo__VW_GOAL_WEIGHT,dbo,VW_GOAL_WEIGHT,unclassified,DEFER,,0,CoreGoalId,0,0,none,,,no,
dbo.VW_KPI,dbo__VW_KPI,dbo,VW_KPI,unclassified,DEFER,,0,Id,0,0,none,,,no,
dbo.VW_MANAGEMENT_CYCLE,dbo__VW_MANAGEMENT_CYCLE,dbo,VW_MANAGEMENT_CYCLE,unclassified,DEFER,,0,CoreManagementCycleId|Description,0,0,none,,,no,
dbo.ValorMatriz,dbo__ValorMatriz,dbo,ValorMatriz,metricas,DEFER,,0,Id,0,0,none,valor_matriz,metricas,yes,"tenant_slug, fk_matriz, fk_membro_dimensao1, fk_membro_dimensao2, dt_ref"
dbo.Visao,dbo__Visao,dbo,Visao,metricas,DEFER,,0,Id,0,0,none,visao,metricas,yes,
dbo.VolunteerExperience,dbo__VolunteerExperience,dbo,VolunteerExperience,colaborador,DIM,DIM_VOLUNTEER_EXPERIENCE,0,Id,21,3,both,volunteer_experience,colaborador,yes,
dbo.VolunteerFunction,dbo__VolunteerFunction,dbo,VolunteerFunction,colaborador,DIM,DIM_VOLUNTEER_FUNCTION,0,Id,10,2,both,volunteer_function,colaborador,yes,
dbo.WelcomeSupportEmployee,dbo__WelcomeSupportEmployee,dbo,WelcomeSupportEmployee,colaborador,DEFER,,0,Id,0,0,none,welcome_support_employee,colaborador,yes,
dbo.XAxisClassification,dbo__XAxisClassification,dbo,XAxisClassification,sucessao,DIM,DIM_X_AXIS_CLASSIFICATION,0,ID,3,0,afya,x_axis_classification,sucessao,yes,
dbo.YAxisClassification,dbo__YAxisClassification,dbo,YAxisClassification,sucessao,DIM,DIM_Y_AXIS_CLASSIFICATION,0,ID,3,0,afya,y_axis_classification,sucessao,yes,
dbo.YearPersonalGoal,dbo__YearPersonalGoal,dbo,YearPersonalGoal,metricas,DIM,DIM_YEAR_PERSONAL_GOAL,0,Id,203,77,both,year_personal_goal,metricas,yes,
dbo.__MigrationHistory,dbo____MigrationHistory,dbo,__MigrationHistory,plataforma,EXCLUDE,,0,MigrationId|ContextKey,1219,1220,both,,,no,
dbo.dual,dbo__dual,dbo,dual,plataforma,EXCLUDE,,0,dummy,1,1,both,,,no,
dbo.vw_goal,dbo__vw_goal,dbo,vw_goal,unclassified,DEFER,,0,Id,0,0,none,,,no,
import.ImportItem,import__ImportItem,import,ImportItem,unclassified,DEFER,,0,ID,0,0,none,,,no,
notification.MailSettings,notification__MailSettings,notification,MailSettings,plataforma,EXCLUDE,,0,,1,1,both,,,no,
okr.EmployeeKeyResult,okr__EmployeeKeyResult,okr,EmployeeKeyResult,metricas,DEFER,,0,Id,0,0,none,employee_key_result,metricas,yes,
okr.KeyResult,okr__KeyResult,okr,KeyResult,metricas,DEFER,,0,Id,0,0,none,key_result,metricas,yes,
okr.KeyResultProgress,okr__KeyResultProgress,okr,KeyResultProgress,metricas,DEFER,,0,Id,0,0,none,key_result_progress,metricas,yes,
okr.KeyResultValue,okr__KeyResultValue,okr,KeyResultValue,metricas,DEFER,,0,Id,0,0,none,key_result_value,metricas,yes,
okr.Objective,okr__Objective,okr,Objective,metricas,DEFER,,0,Id,0,0,none,objective,metricas,yes,
okr.ObjectiveProgress,okr__ObjectiveProgress,okr,ObjectiveProgress,metricas,DEFER,,0,Id,0,0,none,objective_progress,metricas,yes,
okr.ObjectiveTree,okr__ObjectiveTree,okr,ObjectiveTree,metricas,DEFER,,0,Id,0,0,none,objective_tree,metricas,yes,
okr.ToDoKR,okr__ToDoKR,okr,ToDoKR,metricas,DEFER,,0,Id,0,0,none,to_do_kr,metricas,yes,
stg.ConsolidatedScoreView,stg__ConsolidatedScoreView,stg,ConsolidatedScoreView,views_stg,EXCLUDE,,0,,0,0,none,,,no,
stg.GoalReportView,stg__GoalReportView,stg,GoalReportView,unclassified,EXCLUDE,,0,,0,0,none,,,no,
stg.GoalView,stg__GoalView,stg,GoalView,views_stg,EXCLUDE,,0,,0,0,none,,,no,
stg.VCExtract,stg__VCExtract,stg,VCExtract,views_stg,EXCLUDE,,0,Id,2144,0,afya,,,no,
stg.vcExtractLastLastUpdate,stg__vcExtractLastLastUpdate,stg,vcExtractLastLastUpdate,views_stg,EXCLUDE,,0,,1,0,afya,,,no,
